File,N,Algorithm,Result,Time(s)
dataset/Test-1.txt,245183,A1,1,0.000226000
dataset/Test-1.txt,245183,A2,1,0.000113000
dataset/Test-1.txt,245183,A3,1,0.000001000
dataset/Test-1.txt,245183,A4,1,0.000002000
dataset/Test-1.txt,142963,A1,1,0.000132000
dataset/Test-1.txt,142963,A2,1,0.000066000
dataset/Test-1.txt,142963,A3,1,0.000002000
dataset/Test-1.txt,142963,A4,1,0.000001000
dataset/Test-1.txt,122267,A1,1,0.000113000
dataset/Test-1.txt,122267,A2,1,0.000056000
dataset/Test-1.txt,122267,A3,1,0.000000000
dataset/Test-1.txt,122267,A4,1,0.000000000
dataset/Test-1.txt,264029,A1,1,0.000243000
dataset/Test-1.txt,264029,A2,1,0.000121000
dataset/Test-1.txt,264029,A3,1,0.000001000
dataset/Test-1.txt,264029,A4,1,0.000000000
dataset/Test-1.txt,128221,A1,1,0.000118000
dataset/Test-1.txt,128221,A2,1,0.000060000
dataset/Test-1.txt,128221,A3,1,0.000001000
dataset/Test-1.txt,128221,A4,1,0.000001000
dataset/Test-1.txt,293179,A1,1,0.000270000
dataset/Test-1.txt,293179,A2,1,0.000135000
dataset/Test-1.txt,293179,A3,1,0.000001000
dataset/Test-1.txt,293179,A4,1,0.000001000
dataset/Test-1.txt,52391,A1,1,0.000049000
dataset/Test-1.txt,52391,A2,1,0.000025000
dataset/Test-1.txt,52391,A3,1,0.000001000
dataset/Test-1.txt,52391,A4,1,0.000000000
dataset/Test-1.txt,93563,A1,1,0.000086000
dataset/Test-1.txt,93563,A2,1,0.000043000
dataset/Test-1.txt,93563,A3,1,0.000001000
dataset/Test-1.txt,93563,A4,1,0.000002000
dataset/Test-1.txt,81359,A1,1,0.000075000
dataset/Test-1.txt,81359,A2,1,0.000038000
dataset/Test-1.txt,81359,A3,1,0.000002000
dataset/Test-1.txt,81359,A4,1,0.000000000
dataset/Test-1.txt,214141,A1,1,0.000197000
dataset/Test-1.txt,214141,A2,1,0.000106000
dataset/Test-1.txt,214141,A3,1,0.000000000
dataset/Test-1.txt,214141,A4,1,0.000000000
dataset/Test-1.txt,329269,A1,1,0.000304000
dataset/Test-1.txt,329269,A2,1,0.000153000
dataset/Test-1.txt,329269,A3,1,0.000000000
dataset/Test-1.txt,329269,A4,1,0.000000000
dataset/Test-1.txt,185057,A1,1,0.000171000
dataset/Test-1.txt,185057,A2,1,0.000085000
dataset/Test-1.txt,185057,A3,1,0.000000000
dataset/Test-1.txt,185057,A4,1,0.000000000
dataset/Test-1.txt,141551,A1,1,0.000130000
dataset/Test-1.txt,141551,A2,1,0.000066000
dataset/Test-1.txt,141551,A3,1,0.000000000
dataset/Test-1.txt,141551,A4,1,0.000000000
dataset/Test-1.txt,328343,A1,1,0.000301000
dataset/Test-1.txt,328343,A2,1,0.000148000
dataset/Test-1.txt,328343,A3,1,0.000001000
dataset/Test-1.txt,328343,A4,1,0.000001000
dataset/Test-1.txt,274441,A1,1,0.000227000
dataset/Test-1.txt,274441,A2,1,0.000113000
dataset/Test-1.txt,274441,A3,1,0.000001000
dataset/Test-1.txt,274441,A4,1,0.000001000
dataset/Test-1.txt,348083,A1,1,0.000287000
dataset/Test-1.txt,348083,A2,1,0.000144000
dataset/Test-1.txt,348083,A3,1,0.000001000
dataset/Test-1.txt,348083,A4,1,0.000002000
dataset/Test-1.txt,330439,A1,1,0.000273000
dataset/Test-1.txt,330439,A2,1,0.000137000
dataset/Test-1.txt,330439,A3,1,0.000002000
dataset/Test-1.txt,330439,A4,1,0.000001000
dataset/Test-1.txt,169501,A1,1,0.000147000
dataset/Test-1.txt,169501,A2,1,0.000070000
dataset/Test-1.txt,169501,A3,1,0.000001000
dataset/Test-1.txt,169501,A4,1,0.000001000
dataset/Test-1.txt,332069,A1,1,0.000274000
dataset/Test-1.txt,332069,A2,1,0.000137000
dataset/Test-1.txt,332069,A3,1,0.000001000
dataset/Test-1.txt,332069,A4,1,0.000001000
dataset/Test-1.txt,225257,A1,1,0.000186000
dataset/Test-1.txt,225257,A2,1,0.000094000
dataset/Test-1.txt,225257,A3,1,0.000001000
dataset/Test-1.txt,225257,A4,1,0.000001000
dataset/Test-1.txt,121661,A1,1,0.000100000
dataset/Test-1.txt,121661,A2,1,0.000050000
dataset/Test-1.txt,121661,A3,1,0.000000000
dataset/Test-1.txt,121661,A4,1,0.000001000
dataset/Test-1.txt,152111,A1,1,0.000126000
dataset/Test-1.txt,152111,A2,1,0.000063000
dataset/Test-1.txt,152111,A3,1,0.000000000
dataset/Test-1.txt,152111,A4,1,0.000000000
dataset/Test-1.txt,111871,A1,1,0.000093000
dataset/Test-1.txt,111871,A2,1,0.000047000
dataset/Test-1.txt,111871,A3,1,0.000000000
dataset/Test-1.txt,111871,A4,1,0.000000000
dataset/Test-1.txt,266899,A1,1,0.000222000
dataset/Test-1.txt,266899,A2,1,0.000110000
dataset/Test-1.txt,266899,A3,1,0.000000000
dataset/Test-1.txt,266899,A4,1,0.000001000
dataset/Test-1.txt,140759,A1,1,0.000116000
dataset/Test-1.txt,140759,A2,1,0.000059000
dataset/Test-1.txt,140759,A3,1,0.000000000
dataset/Test-1.txt,140759,A4,1,0.000000000
dataset/Test-1.txt,7187,A1,1,0.000007000
dataset/Test-1.txt,7187,A2,1,0.000003000
dataset/Test-1.txt,7187,A3,1,0.000000000
dataset/Test-1.txt,7187,A4,1,0.000001000
dataset/Test-1.txt,317609,A1,1,0.000262000
dataset/Test-1.txt,317609,A2,1,0.000132000
dataset/Test-1.txt,317609,A3,1,0.000002000
dataset/Test-1.txt,317609,A4,1,0.000001000
dataset/Test-1.txt,208807,A1,1,0.000172000
dataset/Test-1.txt,208807,A2,1,0.000087000
dataset/Test-1.txt,208807,A3,1,0.000000000
dataset/Test-1.txt,208807,A4,1,0.000001000
dataset/Test-1.txt,241739,A1,1,0.000201000
dataset/Test-1.txt,241739,A2,1,0.000100000
dataset/Test-1.txt,241739,A3,1,0.000000000
dataset/Test-1.txt,241739,A4,1,0.000001000
dataset/Test-1.txt,288283,A1,1,0.000238000
dataset/Test-1.txt,288283,A2,1,0.000122000
dataset/Test-1.txt,288283,A3,1,0.000001000
dataset/Test-1.txt,288283,A4,1,0.000001000
dataset/Test-1.txt,74027,A1,1,0.000064000
dataset/Test-1.txt,74027,A2,1,0.000031000
dataset/Test-1.txt,74027,A3,1,0.000002000
dataset/Test-1.txt,74027,A4,1,0.000000000
dataset/Test-1.txt,122453,A1,1,0.000101000
dataset/Test-1.txt,122453,A2,1,0.000052000
dataset/Test-1.txt,122453,A3,1,0.000000000
dataset/Test-1.txt,122453,A4,1,0.000001000
dataset/Test-1.txt,95317,A1,1,0.000079000
dataset/Test-1.txt,95317,A2,1,0.000039000
dataset/Test-1.txt,95317,A3,1,0.000000000
dataset/Test-1.txt,95317,A4,1,0.000001000
dataset/Test-1.txt,218971,A1,1,0.000189000
dataset/Test-1.txt,218971,A2,1,0.000090000
dataset/Test-1.txt,218971,A3,1,0.000000000
dataset/Test-1.txt,218971,A4,1,0.000000000
dataset/Test-1.txt,262949,A1,1,0.000223000
dataset/Test-1.txt,262949,A2,1,0.000118000
dataset/Test-1.txt,262949,A3,1,0.000001000
dataset/Test-1.txt,262949,A4,1,0.000000000
dataset/Test-1.txt,234653,A1,1,0.000195000
dataset/Test-1.txt,234653,A2,1,0.000093000
dataset/Test-1.txt,234653,A3,1,0.000000000
dataset/Test-1.txt,234653,A4,1,0.000000000
dataset/Test-1.txt,112153,A1,1,0.000086000
dataset/Test-1.txt,112153,A2,1,0.000043000
dataset/Test-1.txt,112153,A3,1,0.000001000
dataset/Test-1.txt,112153,A4,1,0.000001000
dataset/Test-1.txt,206597,A1,1,0.000158000
dataset/Test-1.txt,206597,A2,1,0.000079000
dataset/Test-1.txt,206597,A3,1,0.000000000
dataset/Test-1.txt,206597,A4,1,0.000001000
dataset/Test-1.txt,44753,A1,1,0.000034000
dataset/Test-1.txt,44753,A2,1,0.000017000
dataset/Test-1.txt,44753,A3,1,0.000001000
dataset/Test-1.txt,44753,A4,1,0.000000000
dataset/Test-1.txt,114713,A1,1,0.000088000
dataset/Test-1.txt,114713,A2,1,0.000045000
dataset/Test-1.txt,114713,A3,1,0.000000000
dataset/Test-1.txt,114713,A4,1,0.000000000
dataset/Test-1.txt,16189,A1,1,0.000012000
dataset/Test-1.txt,16189,A2,1,0.000006000
dataset/Test-1.txt,16189,A3,1,0.000000000
dataset/Test-1.txt,16189,A4,1,0.000000000
dataset/Test-1.txt,118247,A1,1,0.000176000
dataset/Test-1.txt,118247,A2,1,0.000046000
dataset/Test-1.txt,118247,A3,1,0.000002000
dataset/Test-1.txt,118247,A4,1,0.000000000
dataset/Test-1.txt,210773,A1,1,0.000202000
dataset/Test-1.txt,210773,A2,1,0.000081000
dataset/Test-1.txt,210773,A3,1,0.000001000
dataset/Test-1.txt,210773,A4,1,0.000001000
dataset/Test-1.txt,263573,A1,1,0.000202000
dataset/Test-1.txt,263573,A2,1,0.000101000
dataset/Test-1.txt,263573,A3,1,0.000000000
dataset/Test-1.txt,263573,A4,1,0.000001000
dataset/Test-1.txt,10753,A1,1,0.000009000
dataset/Test-1.txt,10753,A2,1,0.000005000
dataset/Test-1.txt,10753,A3,1,0.000000000
dataset/Test-1.txt,10753,A4,1,0.000000000
dataset/Test-1.txt,249439,A1,1,0.000196000
dataset/Test-1.txt,249439,A2,1,0.000095000
dataset/Test-1.txt,249439,A3,1,0.000001000
dataset/Test-1.txt,249439,A4,1,0.000000000
dataset/Test-1.txt,368789,A1,1,0.000282000
dataset/Test-1.txt,368789,A2,1,0.000141000
dataset/Test-1.txt,368789,A3,1,0.000000000
dataset/Test-1.txt,368789,A4,1,0.000000000
dataset/Test-1.txt,296773,A1,1,0.000227000
dataset/Test-1.txt,296773,A2,1,0.000114000
dataset/Test-1.txt,296773,A3,1,0.000001000
dataset/Test-1.txt,296773,A4,1,0.000000000
dataset/Test-1.txt,4993,A1,1,0.000004000
dataset/Test-1.txt,4993,A2,1,0.000003000
dataset/Test-1.txt,4993,A3,1,0.000000000
dataset/Test-1.txt,4993,A4,1,0.000000000
dataset/Test-1.txt,108959,A1,1,0.000083000
dataset/Test-1.txt,108959,A2,1,0.000041000
dataset/Test-1.txt,108959,A3,1,0.000000000
dataset/Test-1.txt,108959,A4,1,0.000000000
dataset/Test-1.txt,185177,A1,1,0.000147000
dataset/Test-1.txt,185177,A2,1,0.000072000
dataset/Test-1.txt,185177,A3,1,0.000000000
dataset/Test-1.txt,185177,A4,1,0.000000000
dataset/Test-1.txt,359731,A1,1,0.000276000
dataset/Test-1.txt,359731,A2,1,0.000137000
dataset/Test-1.txt,359731,A3,1,0.000000000
dataset/Test-1.txt,359731,A4,1,0.000000000
dataset/Test-1.txt,116657,A1,1,0.000090000
dataset/Test-1.txt,116657,A2,1,0.000045000
dataset/Test-1.txt,116657,A3,1,0.000001000
dataset/Test-1.txt,116657,A4,1,0.000000000
dataset/Test-1.txt,164599,A1,1,0.000134000
dataset/Test-1.txt,164599,A2,1,0.000063000
dataset/Test-1.txt,164599,A3,1,0.000000000
dataset/Test-1.txt,164599,A4,1,0.000001000
dataset/Test-1.txt,214003,A1,1,0.000163000
dataset/Test-1.txt,214003,A2,1,0.000082000
dataset/Test-1.txt,214003,A3,1,0.000001000
dataset/Test-1.txt,214003,A4,1,0.000000000
dataset/Test-1.txt,338231,A1,1,0.000258000
dataset/Test-1.txt,338231,A2,1,0.000129000
dataset/Test-1.txt,338231,A3,1,0.000001000
dataset/Test-1.txt,338231,A4,1,0.000000000
dataset/Test-1.txt,375251,A1,1,0.000287000
dataset/Test-1.txt,375251,A2,1,0.000143000
dataset/Test-1.txt,375251,A3,1,0.000000000
dataset/Test-1.txt,375251,A4,1,0.000000000
dataset/Test-1.txt,50723,A1,1,0.000039000
dataset/Test-1.txt,50723,A2,1,0.000019000
dataset/Test-1.txt,50723,A3,1,0.000000000
dataset/Test-1.txt,50723,A4,1,0.000001000
dataset/Test-1.txt,161729,A1,1,0.000125000
dataset/Test-1.txt,161729,A2,1,0.000062000
dataset/Test-1.txt,161729,A3,1,0.000000000
dataset/Test-1.txt,161729,A4,1,0.000001000
dataset/Test-1.txt,371291,A1,1,0.000284000
dataset/Test-1.txt,371291,A2,1,0.000142000
dataset/Test-1.txt,371291,A3,1,0.000001000
dataset/Test-1.txt,371291,A4,1,0.000001000
dataset/Test-1.txt,363523,A1,1,0.000276000
dataset/Test-1.txt,363523,A2,1,0.000130000
dataset/Test-1.txt,363523,A3,1,0.000001000
dataset/Test-1.txt,363523,A4,1,0.000001000
dataset/Test-1.txt,319699,A1,1,0.000228000
dataset/Test-1.txt,319699,A2,1,0.000124000
dataset/Test-1.txt,319699,A3,1,0.000000000
dataset/Test-1.txt,319699,A4,1,0.000000000
dataset/Test-1.txt,360827,A1,1,0.000258000
dataset/Test-1.txt,360827,A2,1,0.000130000
dataset/Test-1.txt,360827,A3,1,0.000000000
dataset/Test-1.txt,360827,A4,1,0.000000000
dataset/Test-1.txt,333517,A1,1,0.000237000
dataset/Test-1.txt,333517,A2,1,0.000118000
dataset/Test-1.txt,333517,A3,1,0.000000000
dataset/Test-1.txt,333517,A4,1,0.000000000
dataset/Test-1.txt,42013,A1,1,0.000030000
dataset/Test-1.txt,42013,A2,1,0.000015000
dataset/Test-1.txt,42013,A3,1,0.000001000
dataset/Test-1.txt,42013,A4,1,0.000000000
dataset/Test-1.txt,141161,A1,1,0.000101000
dataset/Test-1.txt,141161,A2,1,0.000050000
dataset/Test-1.txt,141161,A3,1,0.000001000
dataset/Test-1.txt,141161,A4,1,0.000000000
dataset/Test-1.txt,92993,A1,1,0.000066000
dataset/Test-1.txt,92993,A2,1,0.000033000
dataset/Test-1.txt,92993,A3,1,0.000001000
dataset/Test-1.txt,92993,A4,1,0.000001000
dataset/Test-1.txt,277891,A1,1,0.000198000
dataset/Test-1.txt,277891,A2,1,0.000099000
dataset/Test-1.txt,277891,A3,1,0.000001000
dataset/Test-1.txt,277891,A4,1,0.000001000
dataset/Test-1.txt,87523,A1,1,0.000063000
dataset/Test-1.txt,87523,A2,1,0.000031000
dataset/Test-1.txt,87523,A3,1,0.000001000
dataset/Test-1.txt,87523,A4,1,0.000001000
dataset/Test-1.txt,341269,A1,1,0.000243000
dataset/Test-1.txt,341269,A2,1,0.000121000
dataset/Test-1.txt,341269,A3,1,0.000000000
dataset/Test-1.txt,341269,A4,1,0.000001000
dataset/Test-1.txt,25577,A1,1,0.000019000
dataset/Test-1.txt,25577,A2,1,0.000009000
dataset/Test-1.txt,25577,A3,1,0.000000000
dataset/Test-1.txt,25577,A4,1,0.000000000
dataset/Test-1.txt,272009,A1,1,0.000194000
dataset/Test-1.txt,272009,A2,1,0.000097000
dataset/Test-1.txt,272009,A3,1,0.000000000
dataset/Test-1.txt,272009,A4,1,0.000000000
dataset/Test-1.txt,44971,A1,1,0.000032000
dataset/Test-1.txt,44971,A2,1,0.000017000
dataset/Test-1.txt,44971,A3,1,0.000000000
dataset/Test-1.txt,44971,A4,1,0.000000000
dataset/Test-1.txt,145661,A1,1,0.000104000
dataset/Test-1.txt,145661,A2,1,0.000052000
dataset/Test-1.txt,145661,A3,1,0.000000000
dataset/Test-1.txt,145661,A4,1,0.000000000
dataset/Test-1.txt,369877,A1,1,0.000263000
dataset/Test-1.txt,369877,A2,1,0.000132000
dataset/Test-1.txt,369877,A3,1,0.000001000
dataset/Test-1.txt,369877,A4,1,0.000000000
dataset/Test-1.txt,4283,A1,1,0.000004000
dataset/Test-1.txt,4283,A2,1,0.000002000
dataset/Test-1.txt,4283,A3,1,0.000000000
dataset/Test-1.txt,4283,A4,1,0.000001000
dataset/Test-1.txt,342413,A1,1,0.000244000
dataset/Test-1.txt,342413,A2,1,0.000122000
dataset/Test-1.txt,342413,A3,1,0.000001000
dataset/Test-1.txt,342413,A4,1,0.000001000
dataset/Test-1.txt,33641,A1,1,0.000024000
dataset/Test-1.txt,33641,A2,1,0.000013000
dataset/Test-1.txt,33641,A3,1,0.000000000
dataset/Test-1.txt,33641,A4,1,0.000002000
dataset/Test-1.txt,159437,A1,1,0.000114000
dataset/Test-1.txt,159437,A2,1,0.000057000
dataset/Test-1.txt,159437,A3,1,0.000001000
dataset/Test-1.txt,159437,A4,1,0.000002000
dataset/Test-1.txt,153437,A1,1,0.000109000
dataset/Test-1.txt,153437,A2,1,0.000055000
dataset/Test-1.txt,153437,A3,1,0.000000000
dataset/Test-1.txt,153437,A4,1,0.000000000
dataset/Test-1.txt,71713,A1,1,0.000051000
dataset/Test-1.txt,71713,A2,1,0.000026000
dataset/Test-1.txt,71713,A3,1,0.000001000
dataset/Test-1.txt,71713,A4,1,0.000000000
dataset/Test-1.txt,372763,A1,1,0.000273000
dataset/Test-1.txt,372763,A2,1,0.000138000
dataset/Test-1.txt,372763,A3,1,0.000000000
dataset/Test-1.txt,372763,A4,1,0.000000000
dataset/Test-1.txt,348149,A1,1,0.000249000
dataset/Test-1.txt,348149,A2,1,0.000131000
dataset/Test-1.txt,348149,A3,1,0.000000000
dataset/Test-1.txt,348149,A4,1,0.000001000
dataset/Test-1.txt,157813,A1,1,0.000113000
dataset/Test-1.txt,157813,A2,1,0.000056000
dataset/Test-1.txt,157813,A3,1,0.000000000
dataset/Test-1.txt,157813,A4,1,0.000001000
dataset/Test-1.txt,150517,A1,1,0.000108000
dataset/Test-1.txt,150517,A2,1,0.000054000
dataset/Test-1.txt,150517,A3,1,0.000001000
dataset/Test-1.txt,150517,A4,1,0.000000000
dataset/Test-1.txt,96323,A1,1,0.000069000
dataset/Test-1.txt,96323,A2,1,0.000035000
dataset/Test-1.txt,96323,A3,1,0.000001000
dataset/Test-1.txt,96323,A4,1,0.000000000
dataset/Test-1.txt,58537,A1,1,0.000041000
dataset/Test-1.txt,58537,A2,1,0.000021000
dataset/Test-1.txt,58537,A3,1,0.000000000
dataset/Test-1.txt,58537,A4,1,0.000000000
dataset/Test-1.txt,347951,A1,1,0.000253000
dataset/Test-1.txt,347951,A2,1,0.000130000
dataset/Test-1.txt,347951,A3,1,0.000001000
dataset/Test-1.txt,347951,A4,1,0.000001000
dataset/Test-1.txt,147409,A1,1,0.000110000
dataset/Test-1.txt,147409,A2,1,0.000053000
dataset/Test-1.txt,147409,A3,1,0.000000000
dataset/Test-1.txt,147409,A4,1,0.000000000
dataset/Test-1.txt,157907,A1,1,0.000106000
dataset/Test-1.txt,157907,A2,1,0.000053000
dataset/Test-1.txt,157907,A3,1,0.000000000
dataset/Test-1.txt,157907,A4,1,0.000000000
dataset/Test-1.txt,122389,A1,1,0.000082000
dataset/Test-1.txt,122389,A2,1,0.000041000
dataset/Test-1.txt,122389,A3,1,0.000000000
dataset/Test-1.txt,122389,A4,1,0.000001000
dataset/Test-1.txt,94433,A1,1,0.000063000
dataset/Test-1.txt,94433,A2,1,0.000031000
dataset/Test-1.txt,94433,A3,1,0.000000000
dataset/Test-1.txt,94433,A4,1,0.000001000
dataset/Test-1.txt,58757,A1,1,0.000039000
dataset/Test-1.txt,58757,A2,1,0.000020000
dataset/Test-1.txt,58757,A3,1,0.000000000
dataset/Test-1.txt,58757,A4,1,0.000001000
dataset/Test-1.txt,1321,A1,1,0.000001000
dataset/Test-1.txt,1321,A2,1,0.000001000
dataset/Test-1.txt,1321,A3,1,0.000000000
dataset/Test-1.txt,1321,A4,1,0.000000000
dataset/Test-1.txt,248117,A1,1,0.000166000
dataset/Test-1.txt,248117,A2,1,0.000083000
dataset/Test-1.txt,248117,A3,1,0.000001000
dataset/Test-1.txt,248117,A4,1,0.000000000
dataset/Test-1.txt,197359,A1,1,0.000132000
dataset/Test-1.txt,197359,A2,1,0.000067000
dataset/Test-1.txt,197359,A3,1,0.000000000
dataset/Test-1.txt,197359,A4,1,0.000001000
dataset/Test-1.txt,9871,A1,1,0.000006000
dataset/Test-1.txt,9871,A2,1,0.000003000
dataset/Test-1.txt,9871,A3,1,0.000001000
dataset/Test-1.txt,9871,A4,1,0.000001000
dataset/Test-1.txt,228757,A1,1,0.000154000
dataset/Test-1.txt,228757,A2,1,0.000084000
dataset/Test-1.txt,228757,A3,1,0.000001000
dataset/Test-1.txt,228757,A4,1,0.000000000
dataset/Test-1.txt,345109,A1,1,0.000231000
dataset/Test-1.txt,345109,A2,1,0.000117000
dataset/Test-1.txt,345109,A3,1,0.000001000
dataset/Test-1.txt,345109,A4,1,0.000000000
dataset/Test-1.txt,282103,A1,1,0.000189000
dataset/Test-1.txt,282103,A2,1,0.000094000
dataset/Test-1.txt,282103,A3,1,0.000000000
dataset/Test-1.txt,282103,A4,1,0.000000000
dataset/Test-2.txt,349,A1,1,0.000001000
dataset/Test-2.txt,349,A2,1,0.000002000
dataset/Test-2.txt,349,A3,1,0.000000000
dataset/Test-2.txt,349,A4,1,0.000001000
dataset/Test-2.txt,773,A1,1,0.000001000
dataset/Test-2.txt,773,A2,1,0.000001000
dataset/Test-2.txt,773,A3,1,0.000000000
dataset/Test-2.txt,773,A4,1,0.000000000
dataset/Test-2.txt,307,A1,1,0.000000000
dataset/Test-2.txt,307,A2,1,0.000001000
dataset/Test-2.txt,307,A3,1,0.000000000
dataset/Test-2.txt,307,A4,1,0.000000000
dataset/Test-2.txt,761,A1,1,0.000000000
dataset/Test-2.txt,761,A2,1,0.000002000
dataset/Test-2.txt,761,A3,1,0.000000000
dataset/Test-2.txt,761,A4,1,0.000000000
dataset/Test-2.txt,983,A1,1,0.000001000
dataset/Test-2.txt,983,A2,1,0.000001000
dataset/Test-2.txt,983,A3,1,0.000000000
dataset/Test-2.txt,983,A4,1,0.000000000
dataset/Test-2.txt,643,A1,1,0.000000000
dataset/Test-2.txt,643,A2,1,0.000001000
dataset/Test-2.txt,643,A3,1,0.000000000
dataset/Test-2.txt,643,A4,1,0.000001000
dataset/Test-2.txt,211,A1,1,0.000000000
dataset/Test-2.txt,211,A2,1,0.000001000
dataset/Test-2.txt,211,A3,1,0.000000000
dataset/Test-2.txt,211,A4,1,0.000000000
dataset/Test-2.txt,569,A1,1,0.000000000
dataset/Test-2.txt,569,A2,1,0.000000000
dataset/Test-2.txt,569,A3,1,0.000000000
dataset/Test-2.txt,569,A4,1,0.000001000
dataset/Test-2.txt,821,A1,1,0.000001000
dataset/Test-2.txt,821,A2,1,0.000000000
dataset/Test-2.txt,821,A3,1,0.000000000
dataset/Test-2.txt,821,A4,1,0.000000000
dataset/Test-2.txt,337,A1,1,0.000001000
dataset/Test-2.txt,337,A2,1,0.000000000
dataset/Test-2.txt,337,A3,1,0.000000000
dataset/Test-2.txt,337,A4,1,0.000000000
dataset/Test-2.txt,2683,A1,1,0.000002000
dataset/Test-2.txt,2683,A2,1,0.000001000
dataset/Test-2.txt,2683,A3,1,0.000000000
dataset/Test-2.txt,2683,A4,1,0.000001000
dataset/Test-2.txt,4877,A1,1,0.000003000
dataset/Test-2.txt,4877,A2,1,0.000001000
dataset/Test-2.txt,4877,A3,1,0.000000000
dataset/Test-2.txt,4877,A4,1,0.000000000
dataset/Test-2.txt,7547,A1,1,0.000005000
dataset/Test-2.txt,7547,A2,1,0.000003000
dataset/Test-2.txt,7547,A3,1,0.000000000
dataset/Test-2.txt,7547,A4,1,0.000000000
dataset/Test-2.txt,1451,A1,1,0.000001000
dataset/Test-2.txt,1451,A2,1,0.000001000
dataset/Test-2.txt,1451,A3,1,0.000001000
dataset/Test-2.txt,1451,A4,1,0.000000000
dataset/Test-2.txt,9013,A1,1,0.000006000
dataset/Test-2.txt,9013,A2,1,0.000003000
dataset/Test-2.txt,9013,A3,1,0.000000000
dataset/Test-2.txt,9013,A4,1,0.000000000
dataset/Test-2.txt,4889,A1,1,0.000004000
dataset/Test-2.txt,4889,A2,1,0.000002000
dataset/Test-2.txt,4889,A3,1,0.000000000
dataset/Test-2.txt,4889,A4,1,0.000000000
dataset/Test-2.txt,6299,A1,1,0.000004000
dataset/Test-2.txt,6299,A2,1,0.000003000
dataset/Test-2.txt,6299,A3,1,0.000000000
dataset/Test-2.txt,6299,A4,1,0.000000000
dataset/Test-2.txt,6983,A1,1,0.000005000
dataset/Test-2.txt,6983,A2,1,0.000004000
dataset/Test-2.txt,6983,A3,1,0.000000000
dataset/Test-2.txt,6983,A4,1,0.000000000
dataset/Test-2.txt,9791,A1,1,0.000007000
dataset/Test-2.txt,9791,A2,1,0.000004000
dataset/Test-2.txt,9791,A3,1,0.000000000
dataset/Test-2.txt,9791,A4,1,0.000000000
dataset/Test-2.txt,8147,A1,1,0.000005000
dataset/Test-2.txt,8147,A2,1,0.000003000
dataset/Test-2.txt,8147,A3,1,0.000000000
dataset/Test-2.txt,8147,A4,1,0.000000000
dataset/Test-2.txt,67579,A1,1,0.000045000
dataset/Test-2.txt,67579,A2,1,0.000024000
dataset/Test-2.txt,67579,A3,1,0.000000000
dataset/Test-2.txt,67579,A4,1,0.000000000
dataset/Test-2.txt,79349,A1,1,0.000053000
dataset/Test-2.txt,79349,A2,1,0.000026000
dataset/Test-2.txt,79349,A3,1,0.000000000
dataset/Test-2.txt,79349,A4,1,0.000001000
dataset/Test-2.txt,47381,A1,1,0.000032000
dataset/Test-2.txt,47381,A2,1,0.000016000
dataset/Test-2.txt,47381,A3,1,0.000000000
dataset/Test-2.txt,47381,A4,1,0.000000000
dataset/Test-2.txt,34301,A1,1,0.000023000
dataset/Test-2.txt,34301,A2,1,0.000013000
dataset/Test-2.txt,34301,A3,1,0.000000000
dataset/Test-2.txt,34301,A4,1,0.000000000
dataset/Test-2.txt,80747,A1,1,0.000054000
dataset/Test-2.txt,80747,A2,1,0.000027000
dataset/Test-2.txt,80747,A3,1,0.000000000
dataset/Test-2.txt,80747,A4,1,0.000000000
dataset/Test-2.txt,74561,A1,1,0.000050000
dataset/Test-2.txt,74561,A2,1,0.000025000
dataset/Test-2.txt,74561,A3,1,0.000000000
dataset/Test-2.txt,74561,A4,1,0.000000000
dataset/Test-2.txt,40151,A1,1,0.000027000
dataset/Test-2.txt,40151,A2,1,0.000013000
dataset/Test-2.txt,40151,A3,1,0.000001000
dataset/Test-2.txt,40151,A4,1,0.000000000
dataset/Test-2.txt,79279,A1,1,0.000053000
dataset/Test-2.txt,79279,A2,1,0.000027000
dataset/Test-2.txt,79279,A3,1,0.000000000
dataset/Test-2.txt,79279,A4,1,0.000000000
dataset/Test-2.txt,67021,A1,1,0.000045000
dataset/Test-2.txt,67021,A2,1,0.000022000
dataset/Test-2.txt,67021,A3,1,0.000001000
dataset/Test-2.txt,67021,A4,1,0.000000000
dataset/Test-2.txt,95789,A1,1,0.000064000
dataset/Test-2.txt,95789,A2,1,0.000032000
dataset/Test-2.txt,95789,A3,1,0.000000000
dataset/Test-2.txt,95789,A4,1,0.000001000
dataset/Test-2.txt,131891,A1,1,0.000088000
dataset/Test-2.txt,131891,A2,1,0.000045000
dataset/Test-2.txt,131891,A3,1,0.000001000
dataset/Test-2.txt,131891,A4,1,0.000000000
dataset/Test-2.txt,470653,A1,1,0.000315000
dataset/Test-2.txt,470653,A2,1,0.000159000
dataset/Test-2.txt,470653,A3,1,0.000001000
dataset/Test-2.txt,470653,A4,1,0.000000000
dataset/Test-2.txt,474779,A1,1,0.000330000
dataset/Test-2.txt,474779,A2,1,0.000181000
dataset/Test-2.txt,474779,A3,1,0.000000000
dataset/Test-2.txt,474779,A4,1,0.000000000
dataset/Test-2.txt,237691,A1,1,0.000159000
dataset/Test-2.txt,237691,A2,1,0.000080000
dataset/Test-2.txt,237691,A3,1,0.000000000
dataset/Test-2.txt,237691,A4,1,0.000000000
dataset/Test-2.txt,286199,A1,1,0.000197000
dataset/Test-2.txt,286199,A2,1,0.000096000
dataset/Test-2.txt,286199,A3,1,0.000001000
dataset/Test-2.txt,286199,A4,1,0.000000000
dataset/Test-2.txt,483163,A1,1,0.000323000
dataset/Test-2.txt,483163,A2,1,0.000162000
dataset/Test-2.txt,483163,A3,1,0.000000000
dataset/Test-2.txt,483163,A4,1,0.000000000
dataset/Test-2.txt,223439,A1,1,0.000150000
dataset/Test-2.txt,223439,A2,1,0.000075000
dataset/Test-2.txt,223439,A3,1,0.000000000
dataset/Test-2.txt,223439,A4,1,0.000001000
dataset/Test-2.txt,327499,A1,1,0.000219000
dataset/Test-2.txt,327499,A2,1,0.000111000
dataset/Test-2.txt,327499,A3,1,0.000000000
dataset/Test-2.txt,327499,A4,1,0.000000000
dataset/Test-2.txt,482789,A1,1,0.000318000
dataset/Test-2.txt,482789,A2,1,0.000154000
dataset/Test-2.txt,482789,A3,1,0.000000000
dataset/Test-2.txt,482789,A4,1,0.000000000
dataset/Test-2.txt,121631,A1,1,0.000078000
dataset/Test-2.txt,121631,A2,1,0.000039000
dataset/Test-2.txt,121631,A3,1,0.000001000
dataset/Test-2.txt,121631,A4,1,0.000000000
dataset/Test-2.txt,1324369,A1,1,0.000843000
dataset/Test-2.txt,1324369,A2,1,0.000423000
dataset/Test-2.txt,1324369,A3,1,0.000001000
dataset/Test-2.txt,1324369,A4,1,0.000001000
dataset/Test-2.txt,1063747,A1,1,0.000677000
dataset/Test-2.txt,1063747,A2,1,0.000339000
dataset/Test-2.txt,1063747,A3,1,0.000001000
dataset/Test-2.txt,1063747,A4,1,0.000001000
dataset/Test-2.txt,1387163,A1,1,0.000883000
dataset/Test-2.txt,1387163,A2,1,0.000441000
dataset/Test-2.txt,1387163,A3,1,0.000000000
dataset/Test-2.txt,1387163,A4,1,0.000000000
dataset/Test-2.txt,1340723,A1,1,0.000853000
dataset/Test-2.txt,1340723,A2,1,0.000431000
dataset/Test-2.txt,1340723,A3,1,0.000002000
dataset/Test-2.txt,1340723,A4,1,0.000001000
dataset/Test-2.txt,1223753,A1,1,0.000775000
dataset/Test-2.txt,1223753,A2,1,0.000372000
dataset/Test-2.txt,1223753,A3,1,0.000001000
dataset/Test-2.txt,1223753,A4,1,0.000000000
dataset/Test-2.txt,1433371,A1,1,0.000872000
dataset/Test-2.txt,1433371,A2,1,0.000438000
dataset/Test-2.txt,1433371,A3,1,0.000001000
dataset/Test-2.txt,1433371,A4,1,0.000000000
dataset/Test-2.txt,1419263,A1,1,0.000864000
dataset/Test-2.txt,1419263,A2,1,0.000445000
dataset/Test-2.txt,1419263,A3,1,0.000001000
dataset/Test-2.txt,1419263,A4,1,0.000002000
dataset/Test-2.txt,1136147,A1,1,0.000698000
dataset/Test-2.txt,1136147,A2,1,0.000345000
dataset/Test-2.txt,1136147,A3,1,0.000001000
dataset/Test-2.txt,1136147,A4,1,0.000000000
dataset/Test-2.txt,1426127,A1,1,0.000867000
dataset/Test-2.txt,1426127,A2,1,0.000434000
dataset/Test-2.txt,1426127,A3,1,0.000001000
dataset/Test-2.txt,1426127,A4,1,0.000000000
dataset/Test-2.txt,1077697,A1,1,0.000648000
dataset/Test-2.txt,1077697,A2,1,0.000315000
dataset/Test-2.txt,1077697,A3,1,0.000001000
dataset/Test-2.txt,1077697,A4,1,0.000001000
dataset/Test-2.txt,10045501,A1,1,0.005864000
dataset/Test-2.txt,10045501,A2,1,0.002839000
dataset/Test-2.txt,10045501,A3,1,0.000002000
dataset/Test-2.txt,10045501,A4,1,0.000001000
dataset/Test-2.txt,10440341,A1,1,0.005801000
dataset/Test-2.txt,10440341,A2,1,0.002825000
dataset/Test-2.txt,10440341,A3,1,0.000002000
dataset/Test-2.txt,10440341,A4,1,0.000001000
dataset/Test-2.txt,10175101,A1,1,0.005430000
dataset/Test-2.txt,10175101,A2,1,0.002651000
dataset/Test-2.txt,10175101,A3,1,0.000001000
dataset/Test-2.txt,10175101,A4,1,0.000001000
dataset/Test-2.txt,10236481,A1,1,0.005292000
dataset/Test-2.txt,10236481,A2,1,0.002585000
dataset/Test-2.txt,10236481,A3,1,0.000002000
dataset/Test-2.txt,10236481,A4,1,0.000001000
dataset/Test-2.txt,10150163,A1,1,0.005109000
dataset/Test-2.txt,10150163,A2,1,0.002503000
dataset/Test-2.txt,10150163,A3,1,0.000002000
dataset/Test-2.txt,10150163,A4,1,0.000001000
dataset/Test-2.txt,10354213,A1,1,0.005131000
dataset/Test-2.txt,10354213,A2,1,0.002560000
dataset/Test-2.txt,10354213,A3,1,0.000003000
dataset/Test-2.txt,10354213,A4,1,0.000001000
dataset/Test-2.txt,10515793,A1,1,0.005202000
dataset/Test-2.txt,10515793,A2,1,0.002593000
dataset/Test-2.txt,10515793,A3,1,0.000002000
dataset/Test-2.txt,10515793,A4,1,0.000001000
dataset/Test-2.txt,10377487,A1,1,0.005125000
dataset/Test-2.txt,10377487,A2,1,0.002582000
dataset/Test-2.txt,10377487,A3,1,0.000001000
dataset/Test-2.txt,10377487,A4,1,0.000001000
dataset/Test-2.txt,10481099,A1,1,0.005254000
dataset/Test-2.txt,10481099,A2,1,0.002588000
dataset/Test-2.txt,10481099,A3,1,0.000002000
dataset/Test-2.txt,10481099,A4,1,0.000002000
dataset/Test-2.txt,10235221,A1,1,0.005047000
dataset/Test-2.txt,10235221,A2,1,0.002550000
dataset/Test-2.txt,10235221,A3,1,0.000002000
dataset/Test-2.txt,10235221,A4,1,0.000001000
dataset/Test-2.txt,100557421,A1,1,0.049805000
dataset/Test-2.txt,100557421,A2,1,0.025376000
dataset/Test-2.txt,100557421,A3,1,0.000005000
dataset/Test-2.txt,100557421,A4,1,0.000002000
dataset/Test-2.txt,100220777,A1,1,0.049598000
dataset/Test-2.txt,100220777,A2,1,0.024813000
dataset/Test-2.txt,100220777,A3,1,0.000005000
dataset/Test-2.txt,100220777,A4,1,0.000003000
dataset/Test-2.txt,100318181,A1,1,0.049568000
dataset/Test-2.txt,100318181,A2,1,0.024794000
dataset/Test-2.txt,100318181,A3,1,0.000006000
dataset/Test-2.txt,100318181,A4,1,0.000003000
dataset/Test-2.txt,100416713,A1,1,0.049714000
dataset/Test-2.txt,100416713,A2,1,0.024803000
dataset/Test-2.txt,100416713,A3,1,0.000005000
dataset/Test-2.txt,100416713,A4,1,0.000003000
dataset/Test-2.txt,100246711,A1,1,0.049559000
dataset/Test-2.txt,100246711,A2,1,0.024819000
dataset/Test-2.txt,100246711,A3,1,0.000005000
dataset/Test-2.txt,100246711,A4,1,0.000003000
dataset/Test-2.txt,100434223,A1,1,0.049886000
dataset/Test-2.txt,100434223,A2,1,0.024926000
dataset/Test-2.txt,100434223,A3,1,0.000006000
dataset/Test-2.txt,100434223,A4,1,0.000002000
dataset/Test-2.txt,100379941,A1,1,0.051974000
dataset/Test-2.txt,100379941,A2,1,0.024833000
dataset/Test-2.txt,100379941,A3,1,0.000005000
dataset/Test-2.txt,100379941,A4,1,0.000003000
dataset/Test-2.txt,100097509,A1,1,0.049574000
dataset/Test-2.txt,100097509,A2,1,0.024724000
dataset/Test-2.txt,100097509,A3,1,0.000006000
dataset/Test-2.txt,100097509,A4,1,0.000003000
dataset/Test-2.txt,100582627,A1,1,0.049665000
dataset/Test-2.txt,100582627,A2,1,0.024906000
dataset/Test-2.txt,100582627,A3,1,0.000005000
dataset/Test-2.txt,100582627,A4,1,0.000002000
dataset/Test-2.txt,100169803,A1,1,0.049413000
dataset/Test-2.txt,100169803,A2,1,0.024711000
dataset/Test-2.txt,100169803,A3,1,0.000005000
dataset/Test-2.txt,100169803,A4,1,0.000004000
dataset/Test-2.txt,1000601213,A1,1,0.499750000
dataset/Test-2.txt,1000601213,A2,1,0.250316000
dataset/Test-2.txt,1000601213,A3,1,0.000016000
dataset/Test-2.txt,1000601213,A4,1,0.000008000
dataset/Test-2.txt,1000494307,A1,1,0.494836000
dataset/Test-2.txt,1000494307,A2,1,0.247161000
dataset/Test-2.txt,1000494307,A3,1,0.000016000
dataset/Test-2.txt,1000494307,A4,1,0.000011000
dataset/Test-2.txt,1000607551,A1,1,0.497273000
dataset/Test-2.txt,1000607551,A2,1,0.247221000
dataset/Test-2.txt,1000607551,A3,1,0.000016000
dataset/Test-2.txt,1000607551,A4,1,0.000008000
dataset/Test-2.txt,1000640033,A1,1,0.497569000
dataset/Test-2.txt,1000640033,A2,1,0.248021000
dataset/Test-2.txt,1000640033,A3,1,0.000016000
dataset/Test-2.txt,1000640033,A4,1,0.000009000
dataset/Test-2.txt,1000521671,A1,1,0.497981000
dataset/Test-2.txt,1000521671,A2,1,0.249370000
dataset/Test-2.txt,1000521671,A3,1,0.000019000
dataset/Test-2.txt,1000521671,A4,1,0.000009000
dataset/Test-2.txt,1000039507,A1,1,0.495358000
dataset/Test-2.txt,1000039507,A2,1,0.246904000
dataset/Test-2.txt,1000039507,A3,1,0.000016000
dataset/Test-2.txt,1000039507,A4,1,0.000008000
dataset/Test-2.txt,1000195519,A1,1,0.497905000
dataset/Test-2.txt,1000195519,A2,1,0.247959000
dataset/Test-2.txt,1000195519,A3,1,0.000016000
dataset/Test-2.txt,1000195519,A4,1,0.000008000
dataset/Test-2.txt,1000338727,A1,1,0.499446000
dataset/Test-2.txt,1000338727,A2,1,0.248473000
dataset/Test-2.txt,1000338727,A3,1,0.000017000
dataset/Test-2.txt,1000338727,A4,1,0.000008000
dataset/Test-2.txt,1000013999,A1,1,0.494272000
dataset/Test-2.txt,1000013999,A2,1,0.247654000
dataset/Test-2.txt,1000013999,A3,1,0.000015000
dataset/Test-2.txt,1000013999,A4,1,0.000008000
dataset/Test-2.txt,1000648063,A1,1,0.496554000
dataset/Test-2.txt,1000648063,A2,1,0.247145000
dataset/Test-2.txt,1000648063,A3,1,0.000016000
dataset/Test-2.txt,1000648063,A4,1,0.000009000
dataset/Test-3.txt,547,A1,1,0.000002000
dataset/Test-3.txt,547,A2,1,0.000001000
dataset/Test-3.txt,547,A3,1,0.000000000
dataset/Test-3.txt,547,A4,1,0.000000000
dataset/Test-3.txt,980,A1,0,0.000000000
dataset/Test-3.txt,980,A2,0,0.000001000
dataset/Test-3.txt,980,A3,0,0.000000000
dataset/Test-3.txt,980,A4,0,0.000000000
dataset/Test-3.txt,835,A1,0,0.000000000
dataset/Test-3.txt,835,A2,0,0.000000000
dataset/Test-3.txt,835,A3,0,0.000000000
dataset/Test-3.txt,835,A4,0,0.000001000
dataset/Test-3.txt,711,A1,0,0.000000000
dataset/Test-3.txt,711,A2,0,0.000000000
dataset/Test-3.txt,711,A3,0,0.000000000
dataset/Test-3.txt,711,A4,0,0.000000000
dataset/Test-3.txt,864,A1,0,0.000001000
dataset/Test-3.txt,864,A2,0,0.000001000
dataset/Test-3.txt,864,A3,0,0.000000000
dataset/Test-3.txt,864,A4,0,0.000001000
dataset/Test-3.txt,339,A1,0,0.000000000
dataset/Test-3.txt,339,A2,0,0.000000000
dataset/Test-3.txt,339,A3,0,0.000000000
dataset/Test-3.txt,339,A4,0,0.000001000
dataset/Test-3.txt,204,A1,0,0.000000000
dataset/Test-3.txt,204,A2,0,0.000000000
dataset/Test-3.txt,204,A3,0,0.000000000
dataset/Test-3.txt,204,A4,0,0.000000000
dataset/Test-3.txt,401,A1,1,0.000001000
dataset/Test-3.txt,401,A2,1,0.000001000
dataset/Test-3.txt,401,A3,1,0.000001000
dataset/Test-3.txt,401,A4,1,0.000000000
dataset/Test-3.txt,148,A1,0,0.000000000
dataset/Test-3.txt,148,A2,0,0.000000000
dataset/Test-3.txt,148,A3,0,0.000000000
dataset/Test-3.txt,148,A4,0,0.000000000
dataset/Test-3.txt,580,A1,0,0.000000000
dataset/Test-3.txt,580,A2,0,0.000000000
dataset/Test-3.txt,580,A3,0,0.000000000
dataset/Test-3.txt,580,A4,0,0.000000000
dataset/Test-3.txt,814,A1,0,0.000001000
dataset/Test-3.txt,814,A2,0,0.000000000
dataset/Test-3.txt,814,A3,0,0.000000000
dataset/Test-3.txt,814,A4,0,0.000000000
dataset/Test-3.txt,479,A1,1,0.000000000
dataset/Test-3.txt,479,A2,1,0.000001000
dataset/Test-3.txt,479,A3,1,0.000000000
dataset/Test-3.txt,479,A4,1,0.000000000
dataset/Test-3.txt,612,A1,0,0.000000000
dataset/Test-3.txt,612,A2,0,0.000000000
dataset/Test-3.txt,612,A3,0,0.000001000
dataset/Test-3.txt,612,A4,0,0.000000000
dataset/Test-3.txt,842,A1,0,0.000000000
dataset/Test-3.txt,842,A2,0,0.000000000
dataset/Test-3.txt,842,A3,0,0.000000000
dataset/Test-3.txt,842,A4,0,0.000001000
dataset/Test-3.txt,902,A1,0,0.000000000
dataset/Test-3.txt,902,A2,0,0.000000000
dataset/Test-3.txt,902,A3,0,0.000000000
dataset/Test-3.txt,902,A4,0,0.000000000
dataset/Test-3.txt,866,A1,0,0.000000000
dataset/Test-3.txt,866,A2,0,0.000001000
dataset/Test-3.txt,866,A3,0,0.000000000
dataset/Test-3.txt,866,A4,0,0.000000000
dataset/Test-3.txt,733,A1,1,0.000000000
dataset/Test-3.txt,733,A2,1,0.000001000
dataset/Test-3.txt,733,A3,1,0.000001000
dataset/Test-3.txt,733,A4,1,0.000000000
dataset/Test-3.txt,652,A1,0,0.000000000
dataset/Test-3.txt,652,A2,0,0.000000000
dataset/Test-3.txt,652,A3,0,0.000000000
dataset/Test-3.txt,652,A4,0,0.000001000
dataset/Test-3.txt,887,A1,1,0.000000000
dataset/Test-3.txt,887,A2,1,0.000000000
dataset/Test-3.txt,887,A3,1,0.000000000
dataset/Test-3.txt,887,A4,1,0.000000000
dataset/Test-3.txt,368,A1,0,0.000000000
dataset/Test-3.txt,368,A2,0,0.000000000
dataset/Test-3.txt,368,A3,0,0.000000000
dataset/Test-3.txt,368,A4,0,0.000001000
dataset/Test-3.txt,489,A1,0,0.000000000
dataset/Test-3.txt,489,A2,0,0.000000000
dataset/Test-3.txt,489,A3,0,0.000001000
dataset/Test-3.txt,489,A4,0,0.000000000
dataset/Test-3.txt,542,A1,0,0.000000000
dataset/Test-3.txt,542,A2,0,0.000000000
dataset/Test-3.txt,542,A3,0,0.000000000
dataset/Test-3.txt,542,A4,0,0.000000000
dataset/Test-3.txt,989,A1,0,0.000000000
dataset/Test-3.txt,989,A2,0,0.000000000
dataset/Test-3.txt,989,A3,0,0.000000000
dataset/Test-3.txt,989,A4,0,0.000000000
dataset/Test-3.txt,776,A1,0,0.000001000
dataset/Test-3.txt,776,A2,0,0.000000000
dataset/Test-3.txt,776,A3,0,0.000000000
dataset/Test-3.txt,776,A4,0,0.000000000
dataset/Test-3.txt,242,A1,0,0.000000000
dataset/Test-3.txt,242,A2,0,0.000000000
dataset/Test-3.txt,242,A3,0,0.000000000
dataset/Test-3.txt,242,A4,0,0.000000000
dataset/Test-3.txt,485,A1,0,0.000000000
dataset/Test-3.txt,485,A2,0,0.000000000
dataset/Test-3.txt,485,A3,0,0.000000000
dataset/Test-3.txt,485,A4,0,0.000000000
dataset/Test-3.txt,242,A1,0,0.000000000
dataset/Test-3.txt,242,A2,0,0.000001000
dataset/Test-3.txt,242,A3,0,0.000000000
dataset/Test-3.txt,242,A4,0,0.000000000
dataset/Test-3.txt,551,A1,0,0.000000000
dataset/Test-3.txt,551,A2,0,0.000000000
dataset/Test-3.txt,551,A3,0,0.000000000
dataset/Test-3.txt,551,A4,0,0.000000000
dataset/Test-3.txt,349,A1,1,0.000000000
dataset/Test-3.txt,349,A2,1,0.000000000
dataset/Test-3.txt,349,A3,1,0.000000000
dataset/Test-3.txt,349,A4,1,0.000001000
dataset/Test-3.txt,126,A1,0,0.000000000
dataset/Test-3.txt,126,A2,0,0.000000000
dataset/Test-3.txt,126,A3,0,0.000000000
dataset/Test-3.txt,126,A4,0,0.000001000
dataset/Test-3.txt,965,A1,0,0.000000000
dataset/Test-3.txt,965,A2,0,0.000000000
dataset/Test-3.txt,965,A3,0,0.000000000
dataset/Test-3.txt,965,A4,0,0.000000000
dataset/Test-3.txt,501,A1,0,0.000000000
dataset/Test-3.txt,501,A2,0,0.000000000
dataset/Test-3.txt,501,A3,0,0.000001000
dataset/Test-3.txt,501,A4,0,0.000000000
dataset/Test-3.txt,380,A1,0,0.000000000
dataset/Test-3.txt,380,A2,0,0.000000000
dataset/Test-3.txt,380,A3,0,0.000000000
dataset/Test-3.txt,380,A4,0,0.000000000
dataset/Test-3.txt,426,A1,0,0.000002000
dataset/Test-3.txt,426,A2,0,0.000000000
dataset/Test-3.txt,426,A3,0,0.000000000
dataset/Test-3.txt,426,A4,0,0.000000000
dataset/Test-3.txt,146,A1,0,0.000000000
dataset/Test-3.txt,146,A2,0,0.000000000
dataset/Test-3.txt,146,A3,0,0.000001000
dataset/Test-3.txt,146,A4,0,0.000000000
dataset/Test-3.txt,127,A1,1,0.000000000
dataset/Test-3.txt,127,A2,1,0.000000000
dataset/Test-3.txt,127,A3,1,0.000000000
dataset/Test-3.txt,127,A4,1,0.000000000
dataset/Test-3.txt,149,A1,1,0.000000000
dataset/Test-3.txt,149,A2,1,0.000000000
dataset/Test-3.txt,149,A3,1,0.000000000
dataset/Test-3.txt,149,A4,1,0.000001000
dataset/Test-3.txt,389,A1,1,0.000000000
dataset/Test-3.txt,389,A2,1,0.000001000
dataset/Test-3.txt,389,A3,1,0.000000000
dataset/Test-3.txt,389,A4,1,0.000000000
dataset/Test-3.txt,794,A1,0,0.000001000
dataset/Test-3.txt,794,A2,0,0.000000000
dataset/Test-3.txt,794,A3,0,0.000000000
dataset/Test-3.txt,794,A4,0,0.000000000
dataset/Test-3.txt,941,A1,1,0.000001000
dataset/Test-3.txt,941,A2,1,0.000001000
dataset/Test-3.txt,941,A3,1,0.000000000
dataset/Test-3.txt,941,A4,1,0.000000000
dataset/Test-3.txt,350,A1,0,0.000000000
dataset/Test-3.txt,350,A2,0,0.000000000
dataset/Test-3.txt,350,A3,0,0.000000000
dataset/Test-3.txt,350,A4,0,0.000000000
dataset/Test-3.txt,881,A1,1,0.000000000
dataset/Test-3.txt,881,A2,1,0.000001000
dataset/Test-3.txt,881,A3,1,0.000000000
dataset/Test-3.txt,881,A4,1,0.000001000
dataset/Test-3.txt,693,A1,0,0.000000000
dataset/Test-3.txt,693,A2,0,0.000000000
dataset/Test-3.txt,693,A3,0,0.000000000
dataset/Test-3.txt,693,A4,0,0.000000000
dataset/Test-3.txt,588,A1,0,0.000000000
dataset/Test-3.txt,588,A2,0,0.000000000
dataset/Test-3.txt,588,A3,0,0.000000000
dataset/Test-3.txt,588,A4,0,0.000000000
dataset/Test-3.txt,925,A1,0,0.000000000
dataset/Test-3.txt,925,A2,0,0.000001000
dataset/Test-3.txt,925,A3,0,0.000000000
dataset/Test-3.txt,925,A4,0,0.000000000
dataset/Test-3.txt,227,A1,1,0.000000000
dataset/Test-3.txt,227,A2,1,0.000000000
dataset/Test-3.txt,227,A3,1,0.000000000
dataset/Test-3.txt,227,A4,1,0.000000000
dataset/Test-3.txt,634,A1,0,0.000000000
dataset/Test-3.txt,634,A2,0,0.000000000
dataset/Test-3.txt,634,A3,0,0.000000000
dataset/Test-3.txt,634,A4,0,0.000001000
dataset/Test-3.txt,537,A1,0,0.000000000
dataset/Test-3.txt,537,A2,0,0.000000000
dataset/Test-3.txt,537,A3,0,0.000000000
dataset/Test-3.txt,537,A4,0,0.000000000
dataset/Test-3.txt,178,A1,0,0.000001000
dataset/Test-3.txt,178,A2,0,0.000000000
dataset/Test-3.txt,178,A3,0,0.000000000
dataset/Test-3.txt,178,A4,0,0.000000000
dataset/Test-3.txt,203,A1,0,0.000000000
dataset/Test-3.txt,203,A2,0,0.000001000
dataset/Test-3.txt,203,A3,0,0.000000000
dataset/Test-3.txt,203,A4,0,0.000000000
dataset/Test-3.txt,918,A1,0,0.000000000
dataset/Test-3.txt,918,A2,0,0.000000000
dataset/Test-3.txt,918,A3,0,0.000000000
dataset/Test-3.txt,918,A4,0,0.000000000
dataset/Test-3.txt,370,A1,0,0.000000000
dataset/Test-3.txt,370,A2,0,0.000000000
dataset/Test-3.txt,370,A3,0,0.000000000
dataset/Test-3.txt,370,A4,0,0.000000000
dataset/Test-3.txt,387,A1,0,0.000001000
dataset/Test-3.txt,387,A2,0,0.000000000
dataset/Test-3.txt,387,A3,0,0.000001000
dataset/Test-3.txt,387,A4,0,0.000000000
dataset/Test-3.txt,727,A1,1,0.000001000
dataset/Test-3.txt,727,A2,1,0.000000000
dataset/Test-3.txt,727,A3,1,0.000000000
dataset/Test-3.txt,727,A4,1,0.000000000
dataset/Test-3.txt,944,A1,0,0.000000000
dataset/Test-3.txt,944,A2,0,0.000000000
dataset/Test-3.txt,944,A3,0,0.000001000
dataset/Test-3.txt,944,A4,0,0.000000000
dataset/Test-3.txt,146,A1,0,0.000000000
dataset/Test-3.txt,146,A2,0,0.000000000
dataset/Test-3.txt,146,A3,0,0.000000000
dataset/Test-3.txt,146,A4,0,0.000000000
dataset/Test-3.txt,429,A1,0,0.000000000
dataset/Test-3.txt,429,A2,0,0.000002000
dataset/Test-3.txt,429,A3,0,0.000000000
dataset/Test-3.txt,429,A4,0,0.000000000
dataset/Test-3.txt,802,A1,0,0.000001000
dataset/Test-3.txt,802,A2,0,0.000000000
dataset/Test-3.txt,802,A3,0,0.000001000
dataset/Test-3.txt,802,A4,0,0.000000000
dataset/Test-3.txt,389,A1,1,0.000000000
dataset/Test-3.txt,389,A2,1,0.000000000
dataset/Test-3.txt,389,A3,1,0.000000000
dataset/Test-3.txt,389,A4,1,0.000000000
dataset/Test-3.txt,477,A1,0,0.000000000
dataset/Test-3.txt,477,A2,0,0.000000000
dataset/Test-3.txt,477,A3,0,0.000001000
dataset/Test-3.txt,477,A4,0,0.000000000
dataset/Test-3.txt,626,A1,0,0.000000000
dataset/Test-3.txt,626,A2,0,0.000000000
dataset/Test-3.txt,626,A3,0,0.000000000
dataset/Test-3.txt,626,A4,0,0.000000000
dataset/Test-3.txt,357,A1,0,0.000000000
dataset/Test-3.txt,357,A2,0,0.000001000
dataset/Test-3.txt,357,A3,0,0.000001000
dataset/Test-3.txt,357,A4,0,0.000000000
dataset/Test-3.txt,591,A1,0,0.000001000
dataset/Test-3.txt,591,A2,0,0.000001000
dataset/Test-3.txt,591,A3,0,0.000000000
dataset/Test-3.txt,591,A4,0,0.000000000
dataset/Test-3.txt,695,A1,0,0.000000000
dataset/Test-3.txt,695,A2,0,0.000000000
dataset/Test-3.txt,695,A3,0,0.000000000
dataset/Test-3.txt,695,A4,0,0.000000000
dataset/Test-3.txt,392,A1,0,0.000000000
dataset/Test-3.txt,392,A2,0,0.000001000
dataset/Test-3.txt,392,A3,0,0.000000000
dataset/Test-3.txt,392,A4,0,0.000000000
dataset/Test-3.txt,493,A1,0,0.000000000
dataset/Test-3.txt,493,A2,0,0.000000000
dataset/Test-3.txt,493,A3,0,0.000000000
dataset/Test-3.txt,493,A4,0,0.000000000
dataset/Test-3.txt,200,A1,0,0.000000000
dataset/Test-3.txt,200,A2,0,0.000000000
dataset/Test-3.txt,200,A3,0,0.000001000
dataset/Test-3.txt,200,A4,0,0.000001000
dataset/Test-3.txt,772,A1,0,0.000000000
dataset/Test-3.txt,772,A2,0,0.000000000
dataset/Test-3.txt,772,A3,0,0.000001000
dataset/Test-3.txt,772,A4,0,0.000000000
dataset/Test-3.txt,577,A1,1,0.000001000
dataset/Test-3.txt,577,A2,1,0.000000000
dataset/Test-3.txt,577,A3,1,0.000000000
dataset/Test-3.txt,577,A4,1,0.000000000
dataset/Test-3.txt,697,A1,0,0.000000000
dataset/Test-3.txt,697,A2,0,0.000001000
dataset/Test-3.txt,697,A3,0,0.000000000
dataset/Test-3.txt,697,A4,0,0.000000000
dataset/Test-3.txt,927,A1,0,0.000000000
dataset/Test-3.txt,927,A2,0,0.000000000
dataset/Test-3.txt,927,A3,0,0.000001000
dataset/Test-3.txt,927,A4,0,0.000001000
dataset/Test-3.txt,174,A1,0,0.000000000
dataset/Test-3.txt,174,A2,0,0.000001000
dataset/Test-3.txt,174,A3,0,0.000000000
dataset/Test-3.txt,174,A4,0,0.000000000
dataset/Test-3.txt,421,A1,1,0.000001000
dataset/Test-3.txt,421,A2,1,0.000000000
dataset/Test-3.txt,421,A3,1,0.000000000
dataset/Test-3.txt,421,A4,1,0.000000000
dataset/Test-3.txt,675,A1,0,0.000000000
dataset/Test-3.txt,675,A2,0,0.000000000
dataset/Test-3.txt,675,A3,0,0.000000000
dataset/Test-3.txt,675,A4,0,0.000000000
dataset/Test-3.txt,364,A1,0,0.000000000
dataset/Test-3.txt,364,A2,0,0.000000000
dataset/Test-3.txt,364,A3,0,0.000000000
dataset/Test-3.txt,364,A4,0,0.000000000
dataset/Test-3.txt,726651,A1,0,0.000000000
dataset/Test-3.txt,726651,A2,0,0.000000000
dataset/Test-3.txt,726651,A3,0,0.000000000
dataset/Test-3.txt,726651,A4,0,0.000000000
dataset/Test-3.txt,757202,A1,0,0.000001000
dataset/Test-3.txt,757202,A2,0,0.000001000
dataset/Test-3.txt,757202,A3,0,0.000000000
dataset/Test-3.txt,757202,A4,0,0.000000000
dataset/Test-3.txt,453726,A1,0,0.000000000
dataset/Test-3.txt,453726,A2,0,0.000000000
dataset/Test-3.txt,453726,A3,0,0.000000000
dataset/Test-3.txt,453726,A4,0,0.000000000
dataset/Test-3.txt,189381,A1,0,0.000000000
dataset/Test-3.txt,189381,A2,0,0.000000000
dataset/Test-3.txt,189381,A3,0,0.000000000
dataset/Test-3.txt,189381,A4,0,0.000000000
dataset/Test-3.txt,898822,A1,0,0.000000000
dataset/Test-3.txt,898822,A2,0,0.000000000
dataset/Test-3.txt,898822,A3,0,0.000000000
dataset/Test-3.txt,898822,A4,0,0.000000000
dataset/Test-3.txt,360850,A1,0,0.000000000
dataset/Test-3.txt,360850,A2,0,0.000000000
dataset/Test-3.txt,360850,A3,0,0.000000000
dataset/Test-3.txt,360850,A4,0,0.000000000
dataset/Test-3.txt,254093,A1,0,0.000000000
dataset/Test-3.txt,254093,A2,0,0.000000000
dataset/Test-3.txt,254093,A3,0,0.000000000
dataset/Test-3.txt,254093,A4,0,0.000000000
dataset/Test-3.txt,852458,A1,0,0.000001000
dataset/Test-3.txt,852458,A2,0,0.000000000
dataset/Test-3.txt,852458,A3,0,0.000000000
dataset/Test-3.txt,852458,A4,0,0.000000000
dataset/Test-3.txt,718393,A1,0,0.000001000
dataset/Test-3.txt,718393,A2,0,0.000000000
dataset/Test-3.txt,718393,A3,0,0.000000000
dataset/Test-3.txt,718393,A4,0,0.000000000
dataset/Test-3.txt,119743,A1,0,0.000000000
dataset/Test-3.txt,119743,A2,0,0.000000000
dataset/Test-3.txt,119743,A3,0,0.000000000
dataset/Test-3.txt,119743,A4,0,0.000000000
dataset/Test-3.txt,504729,A1,0,0.000000000
dataset/Test-3.txt,504729,A2,0,0.000001000
dataset/Test-3.txt,504729,A3,0,0.000000000
dataset/Test-3.txt,504729,A4,0,0.000000000
dataset/Test-3.txt,110022,A1,0,0.000000000
dataset/Test-3.txt,110022,A2,0,0.000000000
dataset/Test-3.txt,110022,A3,0,0.000000000
dataset/Test-3.txt,110022,A4,0,0.000000000
dataset/Test-3.txt,730813,A1,0,0.000000000
dataset/Test-3.txt,730813,A2,0,0.000000000
dataset/Test-3.txt,730813,A3,0,0.000000000
dataset/Test-3.txt,730813,A4,0,0.000000000
dataset/Test-3.txt,594462,A1,0,0.000000000
dataset/Test-3.txt,594462,A2,0,0.000000000
dataset/Test-3.txt,594462,A3,0,0.000000000
dataset/Test-3.txt,594462,A4,0,0.000000000
dataset/Test-3.txt,896701,A1,0,0.000001000
dataset/Test-3.txt,896701,A2,0,0.000000000
dataset/Test-3.txt,896701,A3,0,0.000000000
dataset/Test-3.txt,896701,A4,0,0.000000000
dataset/Test-3.txt,990912,A1,0,0.000000000
dataset/Test-3.txt,990912,A2,0,0.000001000
dataset/Test-3.txt,990912,A3,0,0.000000000
dataset/Test-3.txt,990912,A4,0,0.000000000
dataset/Test-3.txt,741900,A1,0,0.000000000
dataset/Test-3.txt,741900,A2,0,0.000000000
dataset/Test-3.txt,741900,A3,0,0.000000000
dataset/Test-3.txt,741900,A4,0,0.000000000
dataset/Test-3.txt,169394,A1,0,0.000000000
dataset/Test-3.txt,169394,A2,0,0.000000000
dataset/Test-3.txt,169394,A3,0,0.000000000
dataset/Test-3.txt,169394,A4,0,0.000001000
dataset/Test-3.txt,776362,A1,0,0.000000000
dataset/Test-3.txt,776362,A2,0,0.000000000
dataset/Test-3.txt,776362,A3,0,0.000000000
dataset/Test-3.txt,776362,A4,0,0.000000000
dataset/Test-3.txt,218231,A1,0,0.000000000
dataset/Test-3.txt,218231,A2,0,0.000000000
dataset/Test-3.txt,218231,A3,0,0.000000000
dataset/Test-3.txt,218231,A4,0,0.000000000
dataset/Test-3.txt,326067,A1,0,0.000000000
dataset/Test-3.txt,326067,A2,0,0.000001000
dataset/Test-3.txt,326067,A3,0,0.000000000
dataset/Test-3.txt,326067,A4,0,0.000000000
dataset/Test-3.txt,304886,A1,0,0.000000000
dataset/Test-3.txt,304886,A2,0,0.000000000
dataset/Test-3.txt,304886,A3,0,0.000000000
dataset/Test-3.txt,304886,A4,0,0.000000000
dataset/Test-3.txt,490960,A1,0,0.000000000
dataset/Test-3.txt,490960,A2,0,0.000000000
dataset/Test-3.txt,490960,A3,0,0.000000000
dataset/Test-3.txt,490960,A4,0,0.000001000
dataset/Test-3.txt,814864,A1,0,0.000000000
dataset/Test-3.txt,814864,A2,0,0.000000000
dataset/Test-3.txt,814864,A3,0,0.000001000
dataset/Test-3.txt,814864,A4,0,0.000000000
dataset/Test-3.txt,727149,A1,0,0.000000000
dataset/Test-3.txt,727149,A2,0,0.000000000
dataset/Test-3.txt,727149,A3,0,0.000001000
dataset/Test-3.txt,727149,A4,0,0.000000000
dataset/Test-3.txt,961322,A1,0,0.000000000
dataset/Test-3.txt,961322,A2,0,0.000000000
dataset/Test-3.txt,961322,A3,0,0.000000000
dataset/Test-3.txt,961322,A4,0,0.000000000
dataset/Test-3.txt,128543,A1,0,0.000001000
dataset/Test-3.txt,128543,A2,0,0.000000000
dataset/Test-3.txt,128543,A3,0,0.000000000
dataset/Test-3.txt,128543,A4,0,0.000000000
dataset/Test-3.txt,576648,A1,0,0.000000000
dataset/Test-3.txt,576648,A2,0,0.000000000
dataset/Test-3.txt,576648,A3,0,0.000000000
dataset/Test-3.txt,576648,A4,0,0.000000000
dataset/Test-3.txt,848206,A1,0,0.000000000
dataset/Test-3.txt,848206,A2,0,0.000000000
dataset/Test-3.txt,848206,A3,0,0.000000000
dataset/Test-3.txt,848206,A4,0,0.000000000
dataset/Test-3.txt,729901,A1,0,0.000000000
dataset/Test-3.txt,729901,A2,0,0.000000000
dataset/Test-3.txt,729901,A3,0,0.000000000
dataset/Test-3.txt,729901,A4,0,0.000000000
dataset/Test-3.txt,745252,A1,0,0.000000000
dataset/Test-3.txt,745252,A2,0,0.000000000
dataset/Test-3.txt,745252,A3,0,0.000000000
dataset/Test-3.txt,745252,A4,0,0.000000000
dataset/Test-3.txt,138217,A1,0,0.000000000
dataset/Test-3.txt,138217,A2,0,0.000000000
dataset/Test-3.txt,138217,A3,0,0.000001000
dataset/Test-3.txt,138217,A4,0,0.000000000
dataset/Test-3.txt,870083,A1,1,0.000429000
dataset/Test-3.txt,870083,A2,1,0.000214000
dataset/Test-3.txt,870083,A3,1,0.000001000
dataset/Test-3.txt,870083,A4,1,0.000001000
dataset/Test-3.txt,682225,A1,0,0.000000000
dataset/Test-3.txt,682225,A2,0,0.000000000
dataset/Test-3.txt,682225,A3,0,0.000000000
dataset/Test-3.txt,682225,A4,0,0.000000000
dataset/Test-3.txt,399534,A1,0,0.000000000
dataset/Test-3.txt,399534,A2,0,0.000000000
dataset/Test-3.txt,399534,A3,0,0.000000000
dataset/Test-3.txt,399534,A4,0,0.000000000
dataset/Test-3.txt,967707,A1,0,0.000001000
dataset/Test-3.txt,967707,A2,0,0.000001000
dataset/Test-3.txt,967707,A3,0,0.000000000
dataset/Test-3.txt,967707,A4,0,0.000000000
dataset/Test-3.txt,239160,A1,0,0.000000000
dataset/Test-3.txt,239160,A2,0,0.000002000
dataset/Test-3.txt,239160,A3,0,0.000000000
dataset/Test-3.txt,239160,A4,0,0.000000000
dataset/Test-3.txt,520423,A1,1,0.000258000
dataset/Test-3.txt,520423,A2,1,0.000129000
dataset/Test-3.txt,520423,A3,1,0.000000000
dataset/Test-3.txt,520423,A4,1,0.000000000
dataset/Test-3.txt,412090,A1,0,0.000000000
dataset/Test-3.txt,412090,A2,0,0.000001000
dataset/Test-3.txt,412090,A3,0,0.000000000
dataset/Test-3.txt,412090,A4,0,0.000000000
dataset/Test-3.txt,527196,A1,0,0.000000000
dataset/Test-3.txt,527196,A2,0,0.000000000
dataset/Test-3.txt,527196,A3,0,0.000000000
dataset/Test-3.txt,527196,A4,0,0.000001000
dataset/Test-3.txt,194906,A1,0,0.000000000
dataset/Test-3.txt,194906,A2,0,0.000000000
dataset/Test-3.txt,194906,A3,0,0.000000000
dataset/Test-3.txt,194906,A4,0,0.000001000
dataset/Test-3.txt,220384,A1,0,0.000000000
dataset/Test-3.txt,220384,A2,0,0.000000000
dataset/Test-3.txt,220384,A3,0,0.000000000
dataset/Test-3.txt,220384,A4,0,0.000000000
dataset/Test-3.txt,867143,A1,1,0.000428000
dataset/Test-3.txt,867143,A2,1,0.000214000
dataset/Test-3.txt,867143,A3,1,0.000002000
dataset/Test-3.txt,867143,A4,1,0.000000000
dataset/Test-3.txt,695135,A1,0,0.000001000
dataset/Test-3.txt,695135,A2,0,0.000000000
dataset/Test-3.txt,695135,A3,0,0.000000000
dataset/Test-3.txt,695135,A4,0,0.000000000
dataset/Test-3.txt,917942,A1,0,0.000000000
dataset/Test-3.txt,917942,A2,0,0.000000000
dataset/Test-3.txt,917942,A3,0,0.000000000
dataset/Test-3.txt,917942,A4,0,0.000000000
dataset/Test-3.txt,707873,A1,1,0.000349000
dataset/Test-3.txt,707873,A2,1,0.000176000
dataset/Test-3.txt,707873,A3,1,0.000001000
dataset/Test-3.txt,707873,A4,1,0.000000000
dataset/Test-3.txt,962472,A1,0,0.000001000
dataset/Test-3.txt,962472,A2,0,0.000000000
dataset/Test-3.txt,962472,A3,0,0.000000000
dataset/Test-3.txt,962472,A4,0,0.000000000
dataset/Test-3.txt,521924,A1,0,0.000000000
dataset/Test-3.txt,521924,A2,0,0.000000000
dataset/Test-3.txt,521924,A3,0,0.000000000
dataset/Test-3.txt,521924,A4,0,0.000000000
dataset/Test-3.txt,124083,A1,0,0.000001000
dataset/Test-3.txt,124083,A2,0,0.000000000
dataset/Test-3.txt,124083,A3,0,0.000001000
dataset/Test-3.txt,124083,A4,0,0.000000000
dataset/Test-3.txt,542644,A1,0,0.000000000
dataset/Test-3.txt,542644,A2,0,0.000001000
dataset/Test-3.txt,542644,A3,0,0.000001000
dataset/Test-3.txt,542644,A4,0,0.000000000
dataset/Test-3.txt,876504,A1,0,0.000001000
dataset/Test-3.txt,876504,A2,0,0.000000000
dataset/Test-3.txt,876504,A3,0,0.000000000
dataset/Test-3.txt,876504,A4,0,0.000000000
dataset/Test-3.txt,346745,A1,0,0.000001000
dataset/Test-3.txt,346745,A2,0,0.000000000
dataset/Test-3.txt,346745,A3,0,0.000000000
dataset/Test-3.txt,346745,A4,0,0.000000000
dataset/Test-3.txt,887771,A1,0,0.000000000
dataset/Test-3.txt,887771,A2,0,0.000001000
dataset/Test-3.txt,887771,A3,0,0.000000000
dataset/Test-3.txt,887771,A4,0,0.000000000
dataset/Test-3.txt,911891,A1,0,0.000000000
dataset/Test-3.txt,911891,A2,0,0.000000000
dataset/Test-3.txt,911891,A3,0,0.000000000
dataset/Test-3.txt,911891,A4,0,0.000000000
dataset/Test-3.txt,561189,A1,0,0.000000000
dataset/Test-3.txt,561189,A2,0,0.000000000
dataset/Test-3.txt,561189,A3,0,0.000000000
dataset/Test-3.txt,561189,A4,0,0.000000000
dataset/Test-3.txt,814322,A1,0,0.000000000
dataset/Test-3.txt,814322,A2,0,0.000001000
dataset/Test-3.txt,814322,A3,0,0.000000000
dataset/Test-3.txt,814322,A4,0,0.000000000
dataset/Test-3.txt,276409,A1,0,0.000000000
dataset/Test-3.txt,276409,A2,0,0.000000000
dataset/Test-3.txt,276409,A3,0,0.000001000
dataset/Test-3.txt,276409,A4,0,0.000000000
dataset/Test-3.txt,987820,A1,0,0.000000000
dataset/Test-3.txt,987820,A2,0,0.000000000
dataset/Test-3.txt,987820,A3,0,0.000000000
dataset/Test-3.txt,987820,A4,0,0.000000000
dataset/Test-3.txt,896967,A1,0,0.000000000
dataset/Test-3.txt,896967,A2,0,0.000000000
dataset/Test-3.txt,896967,A3,0,0.000001000
dataset/Test-3.txt,896967,A4,0,0.000000000
dataset/Test-3.txt,121582,A1,0,0.000000000
dataset/Test-3.txt,121582,A2,0,0.000000000
dataset/Test-3.txt,121582,A3,0,0.000001000
dataset/Test-3.txt,121582,A4,0,0.000000000
dataset/Test-3.txt,302233,A1,0,0.000000000
dataset/Test-3.txt,302233,A2,0,0.000000000
dataset/Test-3.txt,302233,A3,0,0.000000000
dataset/Test-3.txt,302233,A4,0,0.000000000
dataset/Test-3.txt,705834,A1,0,0.000000000
dataset/Test-3.txt,705834,A2,0,0.000000000
dataset/Test-3.txt,705834,A3,0,0.000000000
dataset/Test-3.txt,705834,A4,0,0.000000000
dataset/Test-3.txt,796736,A1,0,0.000000000
dataset/Test-3.txt,796736,A2,0,0.000000000
dataset/Test-3.txt,796736,A3,0,0.000000000
dataset/Test-3.txt,796736,A4,0,0.000000000
dataset/Test-3.txt,220099,A1,0,0.000000000
dataset/Test-3.txt,220099,A2,0,0.000000000
dataset/Test-3.txt,220099,A3,0,0.000000000
dataset/Test-3.txt,220099,A4,0,0.000000000
dataset/Test-3.txt,656423,A1,1,0.000324000
dataset/Test-3.txt,656423,A2,1,0.000162000
dataset/Test-3.txt,656423,A3,1,0.000000000
dataset/Test-3.txt,656423,A4,1,0.000001000
dataset/Test-3.txt,406537,A1,0,0.000001000
dataset/Test-3.txt,406537,A2,0,0.000000000
dataset/Test-3.txt,406537,A3,0,0.000000000
dataset/Test-3.txt,406537,A4,0,0.000000000
dataset/Test-3.txt,817549,A1,1,0.000403000
dataset/Test-3.txt,817549,A2,1,0.000201000
dataset/Test-3.txt,817549,A3,1,0.000001000
dataset/Test-3.txt,817549,A4,1,0.000001000
dataset/Test-3.txt,560683,A1,1,0.000277000
dataset/Test-3.txt,560683,A2,1,0.000138000
dataset/Test-3.txt,560683,A3,1,0.000000000
dataset/Test-3.txt,560683,A4,1,0.000000000
dataset/Test-3.txt,678009,A1,0,0.000000000
dataset/Test-3.txt,678009,A2,0,0.000000000
dataset/Test-3.txt,678009,A3,0,0.000000000
dataset/Test-3.txt,678009,A4,0,0.000000000
dataset/Test-3.txt,147584,A1,0,0.000000000
dataset/Test-3.txt,147584,A2,0,0.000001000
dataset/Test-3.txt,147584,A3,0,0.000000000
dataset/Test-3.txt,147584,A4,0,0.000000000
dataset/Test-3.txt,740851,A1,0,0.000000000
dataset/Test-3.txt,740851,A2,0,0.000001000
dataset/Test-3.txt,740851,A3,0,0.000000000
dataset/Test-3.txt,740851,A4,0,0.000000000
dataset/Test-3.txt,778119,A1,0,0.000000000
dataset/Test-3.txt,778119,A2,0,0.000000000
dataset/Test-3.txt,778119,A3,0,0.000000000
dataset/Test-3.txt,778119,A4,0,0.000000000
dataset/Test-3.txt,669671,A1,0,0.000001000
dataset/Test-3.txt,669671,A2,0,0.000000000
dataset/Test-3.txt,669671,A3,0,0.000000000
dataset/Test-3.txt,669671,A4,0,0.000000000
dataset/Test-3.txt,555559,A1,0,0.000000000
dataset/Test-3.txt,555559,A2,0,0.000000000
dataset/Test-3.txt,555559,A3,0,0.000000000
dataset/Test-3.txt,555559,A4,0,0.000000000
dataset/Test-3.txt,126593,A1,0,0.000000000
dataset/Test-3.txt,126593,A2,0,0.000000000
dataset/Test-3.txt,126593,A3,0,0.000000000
dataset/Test-3.txt,126593,A4,0,0.000000000
dataset/Test-3.txt,650474583,A1,0,0.000000000
dataset/Test-3.txt,650474583,A2,0,0.000000000
dataset/Test-3.txt,650474583,A3,0,0.000000000
dataset/Test-3.txt,650474583,A4,0,0.000000000
dataset/Test-3.txt,339439384,A1,0,0.000000000
dataset/Test-3.txt,339439384,A2,0,0.000001000
dataset/Test-3.txt,339439384,A3,0,0.000000000
dataset/Test-3.txt,339439384,A4,0,0.000000000
dataset/Test-3.txt,971237121,A1,0,0.000000000
dataset/Test-3.txt,971237121,A2,0,0.000000000
dataset/Test-3.txt,971237121,A3,0,0.000001000
dataset/Test-3.txt,971237121,A4,0,0.000000000
dataset/Test-3.txt,538787401,A1,0,0.000000000
dataset/Test-3.txt,538787401,A2,0,0.000000000
dataset/Test-3.txt,538787401,A3,0,0.000000000
dataset/Test-3.txt,538787401,A4,0,0.000001000
dataset/Test-3.txt,113678988,A1,0,0.000000000
dataset/Test-3.txt,113678988,A2,0,0.000001000
dataset/Test-3.txt,113678988,A3,0,0.000000000
dataset/Test-3.txt,113678988,A4,0,0.000000000
dataset/Test-3.txt,319865798,A1,0,0.000001000
dataset/Test-3.txt,319865798,A2,0,0.000000000
dataset/Test-3.txt,319865798,A3,0,0.000000000
dataset/Test-3.txt,319865798,A4,0,0.000000000
dataset/Test-3.txt,237784678,A1,0,0.000000000
dataset/Test-3.txt,237784678,A2,0,0.000000000
dataset/Test-3.txt,237784678,A3,0,0.000000000
dataset/Test-3.txt,237784678,A4,0,0.000000000
dataset/Test-3.txt,284902212,A1,0,0.000000000
dataset/Test-3.txt,284902212,A2,0,0.000000000
dataset/Test-3.txt,284902212,A3,0,0.000000000
dataset/Test-3.txt,284902212,A4,0,0.000000000
dataset/Test-3.txt,342639875,A1,0,0.000000000
dataset/Test-3.txt,342639875,A2,0,0.000000000
dataset/Test-3.txt,342639875,A3,0,0.000000000
dataset/Test-3.txt,342639875,A4,0,0.000000000
dataset/Test-3.txt,424417119,A1,0,0.000001000
dataset/Test-3.txt,424417119,A2,0,0.000000000
dataset/Test-3.txt,424417119,A3,0,0.000000000
dataset/Test-3.txt,424417119,A4,0,0.000000000
dataset/Test-3.txt,215404011,A1,0,0.000001000
dataset/Test-3.txt,215404011,A2,0,0.000000000
dataset/Test-3.txt,215404011,A3,0,0.000000000
dataset/Test-3.txt,215404011,A4,0,0.000000000
dataset/Test-3.txt,290153815,A1,0,0.000000000
dataset/Test-3.txt,290153815,A2,0,0.000000000
dataset/Test-3.txt,290153815,A3,0,0.000000000
dataset/Test-3.txt,290153815,A4,0,0.000000000
dataset/Test-3.txt,657366680,A1,0,0.000000000
dataset/Test-3.txt,657366680,A2,0,0.000000000
dataset/Test-3.txt,657366680,A3,0,0.000000000
dataset/Test-3.txt,657366680,A4,0,0.000001000
dataset/Test-3.txt,210796725,A1,0,0.000000000
dataset/Test-3.txt,210796725,A2,0,0.000000000
dataset/Test-3.txt,210796725,A3,0,0.000000000
dataset/Test-3.txt,210796725,A4,0,0.000000000
dataset/Test-3.txt,490099837,A1,0,0.000002000
dataset/Test-3.txt,490099837,A2,0,0.000003000
dataset/Test-3.txt,490099837,A3,0,0.000002000
dataset/Test-3.txt,490099837,A4,0,0.000001000
dataset/Test-3.txt,913060347,A1,0,0.000000000
dataset/Test-3.txt,913060347,A2,0,0.000000000
dataset/Test-3.txt,913060347,A3,0,0.000000000
dataset/Test-3.txt,913060347,A4,0,0.000000000
dataset/Test-3.txt,191996700,A1,0,0.000000000
dataset/Test-3.txt,191996700,A2,0,0.000000000
dataset/Test-3.txt,191996700,A3,0,0.000000000
dataset/Test-3.txt,191996700,A4,0,0.000000000
dataset/Test-3.txt,100311060,A1,0,0.000000000
dataset/Test-3.txt,100311060,A2,0,0.000000000
dataset/Test-3.txt,100311060,A3,0,0.000000000
dataset/Test-3.txt,100311060,A4,0,0.000001000
dataset/Test-3.txt,133018126,A1,0,0.000000000
dataset/Test-3.txt,133018126,A2,0,0.000000000
dataset/Test-3.txt,133018126,A3,0,0.000000000
dataset/Test-3.txt,133018126,A4,0,0.000000000
dataset/Test-3.txt,410053288,A1,0,0.000000000
dataset/Test-3.txt,410053288,A2,0,0.000000000
dataset/Test-3.txt,410053288,A3,0,0.000001000
dataset/Test-3.txt,410053288,A4,0,0.000000000
dataset/Test-3.txt,470283794,A1,0,0.000000000
dataset/Test-3.txt,470283794,A2,0,0.000000000
dataset/Test-3.txt,470283794,A3,0,0.000000000
dataset/Test-3.txt,470283794,A4,0,0.000000000
dataset/Test-3.txt,724790931,A1,0,0.000000000
dataset/Test-3.txt,724790931,A2,0,0.000000000
dataset/Test-3.txt,724790931,A3,0,0.000000000
dataset/Test-3.txt,724790931,A4,0,0.000000000
dataset/Test-3.txt,438817666,A1,0,0.000001000
dataset/Test-3.txt,438817666,A2,0,0.000000000
dataset/Test-3.txt,438817666,A3,0,0.000000000
dataset/Test-3.txt,438817666,A4,0,0.000000000
dataset/Test-3.txt,154554797,A1,0,0.000000000
dataset/Test-3.txt,154554797,A2,0,0.000001000
dataset/Test-3.txt,154554797,A3,0,0.000000000
dataset/Test-3.txt,154554797,A4,0,0.000000000
dataset/Test-3.txt,699630089,A1,1,0.348483000
dataset/Test-3.txt,699630089,A2,1,0.172963000
dataset/Test-3.txt,699630089,A3,1,0.000014000
dataset/Test-3.txt,699630089,A4,1,0.000007000
dataset/Test-3.txt,614824631,A1,0,0.000005000
dataset/Test-3.txt,614824631,A2,0,0.000005000
dataset/Test-3.txt,614824631,A3,0,0.000004000
dataset/Test-3.txt,614824631,A4,0,0.000002000
dataset/Test-3.txt,318633633,A1,0,0.000000000
dataset/Test-3.txt,318633633,A2,0,0.000000000
dataset/Test-3.txt,318633633,A3,0,0.000001000
dataset/Test-3.txt,318633633,A4,0,0.000000000
dataset/Test-3.txt,428814525,A1,0,0.000000000
dataset/Test-3.txt,428814525,A2,0,0.000001000
dataset/Test-3.txt,428814525,A3,0,0.000000000
dataset/Test-3.txt,428814525,A4,0,0.000000000
dataset/Test-3.txt,435488476,A1,0,0.000000000
dataset/Test-3.txt,435488476,A2,0,0.000000000
dataset/Test-3.txt,435488476,A3,0,0.000000000
dataset/Test-3.txt,435488476,A4,0,0.000000000
dataset/Test-3.txt,610242757,A1,0,0.000001000
dataset/Test-3.txt,610242757,A2,0,0.000000000
dataset/Test-3.txt,610242757,A3,0,0.000000000
dataset/Test-3.txt,610242757,A4,0,0.000000000
dataset/Test-3.txt,273004960,A1,0,0.000000000
dataset/Test-3.txt,273004960,A2,0,0.000000000
dataset/Test-3.txt,273004960,A3,0,0.000000000
dataset/Test-3.txt,273004960,A4,0,0.000000000
dataset/Test-3.txt,101504682,A1,0,0.000000000
dataset/Test-3.txt,101504682,A2,0,0.000000000
dataset/Test-3.txt,101504682,A3,0,0.000000000
dataset/Test-3.txt,101504682,A4,0,0.000000000
dataset/Test-3.txt,866870257,A1,0,0.000000000
dataset/Test-3.txt,866870257,A2,0,0.000000000
dataset/Test-3.txt,866870257,A3,0,0.000000000
dataset/Test-3.txt,866870257,A4,0,0.000000000
dataset/Test-3.txt,364234284,A1,0,0.000000000
dataset/Test-3.txt,364234284,A2,0,0.000001000
dataset/Test-3.txt,364234284,A3,0,0.000000000
dataset/Test-3.txt,364234284,A4,0,0.000000000
dataset/Test-3.txt,762103371,A1,0,0.000000000
dataset/Test-3.txt,762103371,A2,0,0.000002000
dataset/Test-3.txt,762103371,A3,0,0.000000000
dataset/Test-3.txt,762103371,A4,0,0.000000000
dataset/Test-3.txt,483771822,A1,0,0.000001000
dataset/Test-3.txt,483771822,A2,0,0.000000000
dataset/Test-3.txt,483771822,A3,0,0.000000000
dataset/Test-3.txt,483771822,A4,0,0.000001000
dataset/Test-3.txt,684810945,A1,0,0.000000000
dataset/Test-3.txt,684810945,A2,0,0.000000000
dataset/Test-3.txt,684810945,A3,0,0.000000000
dataset/Test-3.txt,684810945,A4,0,0.000000000
dataset/Test-3.txt,332383943,A1,1,0.164202000
dataset/Test-3.txt,332383943,A2,1,0.082102000
dataset/Test-3.txt,332383943,A3,1,0.000009000
dataset/Test-3.txt,332383943,A4,1,0.000005000
dataset/Test-3.txt,502040819,A1,0,0.000000000
dataset/Test-3.txt,502040819,A2,0,0.000000000
dataset/Test-3.txt,502040819,A3,0,0.000000000
dataset/Test-3.txt,502040819,A4,0,0.000000000
dataset/Test-3.txt,316491471,A1,0,0.000000000
dataset/Test-3.txt,316491471,A2,0,0.000000000
dataset/Test-3.txt,316491471,A3,0,0.000001000
dataset/Test-3.txt,316491471,A4,0,0.000000000
dataset/Test-3.txt,260045611,A1,0,0.000000000
dataset/Test-3.txt,260045611,A2,0,0.000000000
dataset/Test-3.txt,260045611,A3,0,0.000000000
dataset/Test-3.txt,260045611,A4,0,0.000001000
dataset/Test-3.txt,437058033,A1,0,0.000000000
dataset/Test-3.txt,437058033,A2,0,0.000000000
dataset/Test-3.txt,437058033,A3,0,0.000001000
dataset/Test-3.txt,437058033,A4,0,0.000000000
dataset/Test-3.txt,645174024,A1,0,0.000000000
dataset/Test-3.txt,645174024,A2,0,0.000001000
dataset/Test-3.txt,645174024,A3,0,0.000000000
dataset/Test-3.txt,645174024,A4,0,0.000000000
dataset/Test-3.txt,199773798,A1,0,0.000000000
dataset/Test-3.txt,199773798,A2,0,0.000001000
dataset/Test-3.txt,199773798,A3,0,0.000001000
dataset/Test-3.txt,199773798,A4,0,0.000000000
dataset/Test-3.txt,486168858,A1,0,0.000000000
dataset/Test-3.txt,486168858,A2,0,0.000000000
dataset/Test-3.txt,486168858,A3,0,0.000000000
dataset/Test-3.txt,486168858,A4,0,0.000001000
dataset/Test-3.txt,169605704,A1,0,0.000001000
dataset/Test-3.txt,169605704,A2,0,0.000000000
dataset/Test-3.txt,169605704,A3,0,0.000000000
dataset/Test-3.txt,169605704,A4,0,0.000000000
dataset/Test-3.txt,831963160,A1,0,0.000001000
dataset/Test-3.txt,831963160,A2,0,0.000000000
dataset/Test-3.txt,831963160,A3,0,0.000000000
dataset/Test-3.txt,831963160,A4,0,0.000001000
dataset/Test-3.txt,843690636,A1,0,0.000000000
dataset/Test-3.txt,843690636,A2,0,0.000001000
dataset/Test-3.txt,843690636,A3,0,0.000000000
dataset/Test-3.txt,843690636,A4,0,0.000000000
dataset/Test-3.txt,953693712,A1,0,0.000000000
dataset/Test-3.txt,953693712,A2,0,0.000000000
dataset/Test-3.txt,953693712,A3,0,0.000000000
dataset/Test-3.txt,953693712,A4,0,0.000001000
dataset/Test-3.txt,791971977,A1,0,0.000000000
dataset/Test-3.txt,791971977,A2,0,0.000000000
dataset/Test-3.txt,791971977,A3,0,0.000000000
dataset/Test-3.txt,791971977,A4,0,0.000000000
dataset/Test-3.txt,549068934,A1,0,0.000001000
dataset/Test-3.txt,549068934,A2,0,0.000001000
dataset/Test-3.txt,549068934,A3,0,0.000000000
dataset/Test-3.txt,549068934,A4,0,0.000001000
dataset/Test-3.txt,769228712,A1,0,0.000000000
dataset/Test-3.txt,769228712,A2,0,0.000000000
dataset/Test-3.txt,769228712,A3,0,0.000000000
dataset/Test-3.txt,769228712,A4,0,0.000001000
dataset/Test-3.txt,555103245,A1,0,0.000000000
dataset/Test-3.txt,555103245,A2,0,0.000001000
dataset/Test-3.txt,555103245,A3,0,0.000000000
dataset/Test-3.txt,555103245,A4,0,0.000000000
dataset/Test-3.txt,356162280,A1,0,0.000000000
dataset/Test-3.txt,356162280,A2,0,0.000000000
dataset/Test-3.txt,356162280,A3,0,0.000000000
dataset/Test-3.txt,356162280,A4,0,0.000000000
dataset/Test-3.txt,387401904,A1,0,0.000000000
dataset/Test-3.txt,387401904,A2,0,0.000000000
dataset/Test-3.txt,387401904,A3,0,0.000000000
dataset/Test-3.txt,387401904,A4,0,0.000002000
dataset/Test-3.txt,198268957,A1,0,0.000000000
dataset/Test-3.txt,198268957,A2,0,0.000001000
dataset/Test-3.txt,198268957,A3,0,0.000000000
dataset/Test-3.txt,198268957,A4,0,0.000000000
dataset/Test-3.txt,291435756,A1,0,0.000000000
dataset/Test-3.txt,291435756,A2,0,0.000001000
dataset/Test-3.txt,291435756,A3,0,0.000000000
dataset/Test-3.txt,291435756,A4,0,0.000000000
dataset/Test-3.txt,630247886,A1,0,0.000000000
dataset/Test-3.txt,630247886,A2,0,0.000000000
dataset/Test-3.txt,630247886,A3,0,0.000001000
dataset/Test-3.txt,630247886,A4,0,0.000000000
dataset/Test-3.txt,266568599,A1,0,0.000001000
dataset/Test-3.txt,266568599,A2,0,0.000000000
dataset/Test-3.txt,266568599,A3,0,0.000000000
dataset/Test-3.txt,266568599,A4,0,0.000000000
dataset/Test-3.txt,297632416,A1,0,0.000000000
dataset/Test-3.txt,297632416,A2,0,0.000000000
dataset/Test-3.txt,297632416,A3,0,0.000000000
dataset/Test-3.txt,297632416,A4,0,0.000000000
dataset/Test-3.txt,798297450,A1,0,0.000000000
dataset/Test-3.txt,798297450,A2,0,0.000001000
dataset/Test-3.txt,798297450,A3,0,0.000000000
dataset/Test-3.txt,798297450,A4,0,0.000000000
dataset/Test-3.txt,159785474,A1,0,0.000000000
dataset/Test-3.txt,159785474,A2,0,0.000000000
dataset/Test-3.txt,159785474,A3,0,0.000000000
dataset/Test-3.txt,159785474,A4,0,0.000000000
dataset/Test-3.txt,889979433,A1,0,0.000000000
dataset/Test-3.txt,889979433,A2,0,0.000001000
dataset/Test-3.txt,889979433,A3,0,0.000000000
dataset/Test-3.txt,889979433,A4,0,0.000000000
dataset/Test-3.txt,640424677,A1,0,0.000006000
dataset/Test-3.txt,640424677,A2,0,0.000006000
dataset/Test-3.txt,640424677,A3,0,0.000005000
dataset/Test-3.txt,640424677,A4,0,0.000003000
dataset/Test-3.txt,734393708,A1,0,0.000000000
dataset/Test-3.txt,734393708,A2,0,0.000000000
dataset/Test-3.txt,734393708,A3,0,0.000002000
dataset/Test-3.txt,734393708,A4,0,0.000000000
dataset/Test-3.txt,446226648,A1,0,0.000000000
dataset/Test-3.txt,446226648,A2,0,0.000001000
dataset/Test-3.txt,446226648,A3,0,0.000000000
dataset/Test-3.txt,446226648,A4,0,0.000000000
dataset/Test-3.txt,448454277,A1,0,0.000001000
dataset/Test-3.txt,448454277,A2,0,0.000000000
dataset/Test-3.txt,448454277,A3,0,0.000000000
dataset/Test-3.txt,448454277,A4,0,0.000000000
dataset/Test-3.txt,383128170,A1,0,0.000001000
dataset/Test-3.txt,383128170,A2,0,0.000000000
dataset/Test-3.txt,383128170,A3,0,0.000000000
dataset/Test-3.txt,383128170,A4,0,0.000000000
dataset/Test-3.txt,158875085,A1,0,0.000000000
dataset/Test-3.txt,158875085,A2,0,0.000000000
dataset/Test-3.txt,158875085,A3,0,0.000001000
dataset/Test-3.txt,158875085,A4,0,0.000000000
dataset/Test-3.txt,621457039,A1,0,0.000000000
dataset/Test-3.txt,621457039,A2,0,0.000000000
dataset/Test-3.txt,621457039,A3,0,0.000000000
dataset/Test-3.txt,621457039,A4,0,0.000000000
dataset/Test-3.txt,347691066,A1,0,0.000001000
dataset/Test-3.txt,347691066,A2,0,0.000000000
dataset/Test-3.txt,347691066,A3,0,0.000000000
dataset/Test-3.txt,347691066,A4,0,0.000000000
dataset/Test-3.txt,320438376,A1,0,0.000000000
dataset/Test-3.txt,320438376,A2,0,0.000000000
dataset/Test-3.txt,320438376,A3,0,0.000001000
dataset/Test-3.txt,320438376,A4,0,0.000000000
dataset/Test-3.txt,371168536,A1,0,0.000000000
dataset/Test-3.txt,371168536,A2,0,0.000000000
dataset/Test-3.txt,371168536,A3,0,0.000000000
dataset/Test-3.txt,371168536,A4,0,0.000001000
dataset/Test-3.txt,767150329,A1,0,0.000001000
dataset/Test-3.txt,767150329,A2,0,0.000000000
dataset/Test-3.txt,767150329,A3,0,0.000001000
dataset/Test-3.txt,767150329,A4,0,0.000000000
dataset/Test-3.txt,308649048,A1,0,0.000000000
dataset/Test-3.txt,308649048,A2,0,0.000000000
dataset/Test-3.txt,308649048,A3,0,0.000000000
dataset/Test-3.txt,308649048,A4,0,0.000000000
dataset/Test-3.txt,102071237832,A1,0,0.000000000
dataset/Test-3.txt,102071237832,A2,0,0.000000000
dataset/Test-3.txt,102071237832,A3,0,0.000000000
dataset/Test-3.txt,102071237832,A4,0,0.000000000
dataset/Test-3.txt,100584324554,A1,0,0.000000000
dataset/Test-3.txt,100584324554,A2,0,0.000000000
dataset/Test-3.txt,100584324554,A3,0,0.000000000
dataset/Test-3.txt,100584324554,A4,0,0.000000000
dataset/Test-3.txt,100300061347,A1,0,0.000000000
dataset/Test-3.txt,100300061347,A2,0,0.000000000
dataset/Test-3.txt,100300061347,A3,0,0.000000000
dataset/Test-3.txt,100300061347,A4,0,0.000000000
dataset/Test-3.txt,100839455873,A1,0,0.000000000
dataset/Test-3.txt,100839455873,A2,0,0.000000000
dataset/Test-3.txt,100839455873,A3,0,0.000000000
dataset/Test-3.txt,100839455873,A4,0,0.000000000
dataset/Test-3.txt,101914780368,A1,0,0.000001000
dataset/Test-3.txt,101914780368,A2,0,0.000000000
dataset/Test-3.txt,101914780368,A3,0,0.000000000
dataset/Test-3.txt,101914780368,A4,0,0.000000000
dataset/Test-3.txt,101671194681,A1,0,0.000000000
dataset/Test-3.txt,101671194681,A2,0,0.000001000
dataset/Test-3.txt,101671194681,A3,0,0.000000000
dataset/Test-3.txt,101671194681,A4,0,0.000000000
dataset/Test-3.txt,100830384454,A1,0,0.000000000
dataset/Test-3.txt,100830384454,A2,0,0.000000000
dataset/Test-3.txt,100830384454,A3,0,0.000001000
dataset/Test-3.txt,100830384454,A4,0,0.000001000
dataset/Test-3.txt,101922780172,A1,0,0.000000000
dataset/Test-3.txt,101922780172,A2,0,0.000000000
dataset/Test-3.txt,101922780172,A3,0,0.000000000
dataset/Test-3.txt,101922780172,A4,0,0.000000000
dataset/Test-3.txt,100832430748,A1,0,0.000000000
dataset/Test-3.txt,100832430748,A2,0,0.000000000
dataset/Test-3.txt,100832430748,A3,0,0.000000000
dataset/Test-3.txt,100832430748,A4,0,0.000000000
dataset/Test-3.txt,101955105078,A1,0,0.000001000
dataset/Test-3.txt,101955105078,A2,0,0.000000000
dataset/Test-3.txt,101955105078,A3,0,0.000000000
dataset/Test-3.txt,101955105078,A4,0,0.000000000
dataset/Test-3.txt,100803763199,A1,0,0.000000000
dataset/Test-3.txt,100803763199,A2,0,0.000001000
dataset/Test-3.txt,100803763199,A3,0,0.000000000
dataset/Test-3.txt,100803763199,A4,0,0.000000000
dataset/Test-3.txt,101175945963,A1,0,0.000000000
dataset/Test-3.txt,101175945963,A2,0,0.000000000
dataset/Test-3.txt,101175945963,A3,0,0.000001000
dataset/Test-3.txt,101175945963,A4,0,0.000000000
dataset/Test-3.txt,100831796800,A1,0,0.000000000
dataset/Test-3.txt,100831796800,A2,0,0.000000000
dataset/Test-3.txt,100831796800,A3,0,0.000000000
dataset/Test-3.txt,100831796800,A4,0,0.000001000
dataset/Test-3.txt,102037759277,A1,0,0.000000000
dataset/Test-3.txt,102037759277,A2,0,0.000000000
dataset/Test-3.txt,102037759277,A3,0,0.000000000
dataset/Test-3.txt,102037759277,A4,0,0.000000000
dataset/Test-3.txt,100550966183,A1,0,0.000049000
dataset/Test-3.txt,100550966183,A2,0,0.000048000
dataset/Test-3.txt,100550966183,A3,0,0.000049000
dataset/Test-3.txt,100550966183,A4,0,0.000024000
dataset/Test-3.txt,100139151817,A1,0,0.000000000
dataset/Test-3.txt,100139151817,A2,0,0.000000000
dataset/Test-3.txt,100139151817,A3,0,0.000001000
dataset/Test-3.txt,100139151817,A4,0,0.000000000
dataset/Test-3.txt,100114896736,A1,0,0.000001000
dataset/Test-3.txt,100114896736,A2,0,0.000000000
dataset/Test-3.txt,100114896736,A3,0,0.000000000
dataset/Test-3.txt,100114896736,A4,0,0.000000000
dataset/Test-3.txt,100481643299,A1,0,0.000000000
dataset/Test-3.txt,100481643299,A2,0,0.000000000
dataset/Test-3.txt,100481643299,A3,0,0.000000000
dataset/Test-3.txt,100481643299,A4,0,0.000000000
dataset/Test-3.txt,101113060750,A1,0,0.000000000
dataset/Test-3.txt,101113060750,A2,0,0.000000000
dataset/Test-3.txt,101113060750,A3,0,0.000000000
dataset/Test-3.txt,101113060750,A4,0,0.000001000
dataset/Test-3.txt,100481976233,A1,1,49.816493000
dataset/Test-3.txt,100481976233,A2,1,25.313278000
dataset/Test-3.txt,100481976233,A3,1,0.000159000
dataset/Test-3.txt,100481976233,A4,1,0.000078000
dataset/Test-3.txt,100266231547,A1,0,0.000001000
dataset/Test-3.txt,100266231547,A2,0,0.000001000
dataset/Test-3.txt,100266231547,A3,0,0.000001000
dataset/Test-3.txt,100266231547,A4,0,0.000002000
dataset/Test-3.txt,101345173728,A1,0,0.000000000
dataset/Test-3.txt,101345173728,A2,0,0.000000000
dataset/Test-3.txt,101345173728,A3,0,0.000000000
dataset/Test-3.txt,101345173728,A4,0,0.000000000
dataset/Test-3.txt,101774494527,A1,0,0.000000000
dataset/Test-3.txt,101774494527,A2,0,0.000001000
dataset/Test-3.txt,101774494527,A3,0,0.000000000
dataset/Test-3.txt,101774494527,A4,0,0.000000000
dataset/Test-3.txt,101824109400,A1,0,0.000000000
dataset/Test-3.txt,101824109400,A2,0,0.000000000
dataset/Test-3.txt,101824109400,A3,0,0.000000000
dataset/Test-3.txt,101824109400,A4,0,0.000000000
dataset/Test-3.txt,100330141228,A1,0,0.000000000
dataset/Test-3.txt,100330141228,A2,0,0.000000000
dataset/Test-3.txt,100330141228,A3,0,0.000000000
dataset/Test-3.txt,100330141228,A4,0,0.000000000
dataset/Test-3.txt,101733358795,A1,0,0.000000000
dataset/Test-3.txt,101733358795,A2,0,0.000000000
dataset/Test-3.txt,101733358795,A3,0,0.000000000
dataset/Test-3.txt,101733358795,A4,0,0.000000000
dataset/Test-3.txt,101945596010,A1,0,0.000001000
dataset/Test-3.txt,101945596010,A2,0,0.000001000
dataset/Test-3.txt,101945596010,A3,0,0.000000000
dataset/Test-3.txt,101945596010,A4,0,0.000000000
dataset/Test-3.txt,102046130848,A1,0,0.000000000
dataset/Test-3.txt,102046130848,A2,0,0.000000000
dataset/Test-3.txt,102046130848,A3,0,0.000000000
dataset/Test-3.txt,102046130848,A4,0,0.000001000
dataset/Test-3.txt,101665522925,A1,0,0.000000000
dataset/Test-3.txt,101665522925,A2,0,0.000000000
dataset/Test-3.txt,101665522925,A3,0,0.000001000
dataset/Test-3.txt,101665522925,A4,0,0.000000000
dataset/Test-3.txt,102141945477,A1,0,0.000001000
dataset/Test-3.txt,102141945477,A2,0,0.000000000
dataset/Test-3.txt,102141945477,A3,0,0.000000000
dataset/Test-3.txt,102141945477,A4,0,0.000000000
dataset/Test-3.txt,101409257278,A1,0,0.000000000
dataset/Test-3.txt,101409257278,A2,0,0.000000000
dataset/Test-3.txt,101409257278,A3,0,0.000000000
dataset/Test-3.txt,101409257278,A4,0,0.000000000
dataset/Test-3.txt,100789928583,A1,0,0.000000000
dataset/Test-3.txt,100789928583,A2,0,0.000000000
dataset/Test-3.txt,100789928583,A3,0,0.000000000
dataset/Test-3.txt,100789928583,A4,0,0.000000000
dataset/Test-3.txt,100585788727,A1,0,0.000000000
dataset/Test-3.txt,100585788727,A2,0,0.000000000
dataset/Test-3.txt,100585788727,A3,0,0.000000000
dataset/Test-3.txt,100585788727,A4,0,0.000000000
dataset/Test-3.txt,101286096841,A1,0,0.000000000
dataset/Test-3.txt,101286096841,A2,0,0.000000000
dataset/Test-3.txt,101286096841,A3,0,0.000000000
dataset/Test-3.txt,101286096841,A4,0,0.000000000
dataset/Test-3.txt,101006699632,A1,0,0.000000000
dataset/Test-3.txt,101006699632,A2,0,0.000000000
dataset/Test-3.txt,101006699632,A3,0,0.000000000
dataset/Test-3.txt,101006699632,A4,0,0.000000000
dataset/Test-3.txt,101724543958,A1,0,0.000001000
dataset/Test-3.txt,101724543958,A2,0,0.000000000
dataset/Test-3.txt,101724543958,A3,0,0.000000000
dataset/Test-3.txt,101724543958,A4,0,0.000001000
dataset/Test-3.txt,101971002194,A1,0,0.000000000
dataset/Test-3.txt,101971002194,A2,0,0.000000000
dataset/Test-3.txt,101971002194,A3,0,0.000000000
dataset/Test-3.txt,101971002194,A4,0,0.000000000
dataset/Test-3.txt,101698619583,A1,0,0.000001000
dataset/Test-3.txt,101698619583,A2,0,0.000000000
dataset/Test-3.txt,101698619583,A3,0,0.000000000
dataset/Test-3.txt,101698619583,A4,0,0.000000000
dataset/Test-3.txt,100051728263,A1,0,0.000127000
dataset/Test-3.txt,100051728263,A2,0,0.000128000
dataset/Test-3.txt,100051728263,A3,0,0.000130000
dataset/Test-3.txt,100051728263,A4,0,0.000064000
dataset/Test-3.txt,101813522853,A1,0,0.000000000
dataset/Test-3.txt,101813522853,A2,0,0.000000000
dataset/Test-3.txt,101813522853,A3,0,0.000001000
dataset/Test-3.txt,101813522853,A4,0,0.000000000
dataset/Test-3.txt,100643188500,A1,0,0.000000000
dataset/Test-3.txt,100643188500,A2,0,0.000000000
dataset/Test-3.txt,100643188500,A3,0,0.000000000
dataset/Test-3.txt,100643188500,A4,0,0.000001000
dataset/Test-3.txt,101783924149,A1,0,0.000000000
dataset/Test-3.txt,101783924149,A2,0,0.000000000
dataset/Test-3.txt,101783924149,A3,0,0.000000000
dataset/Test-3.txt,101783924149,A4,0,0.000000000
dataset/Test-3.txt,101393976476,A1,0,0.000000000
dataset/Test-3.txt,101393976476,A2,0,0.000000000
dataset/Test-3.txt,101393976476,A3,0,0.000000000
dataset/Test-3.txt,101393976476,A4,0,0.000000000
dataset/Test-3.txt,101663527009,A1,0,0.000000000
dataset/Test-3.txt,101663527009,A2,0,0.000000000
dataset/Test-3.txt,101663527009,A3,0,0.000001000
dataset/Test-3.txt,101663527009,A4,0,0.000000000
dataset/Test-3.txt,100808839970,A1,0,0.000000000
dataset/Test-3.txt,100808839970,A2,0,0.000000000
dataset/Test-3.txt,100808839970,A3,0,0.000000000
dataset/Test-3.txt,100808839970,A4,0,0.000002000
dataset/Test-3.txt,100601890280,A1,0,0.000000000
dataset/Test-3.txt,100601890280,A2,0,0.000000000
dataset/Test-3.txt,100601890280,A3,0,0.000001000
dataset/Test-3.txt,100601890280,A4,0,0.000000000
dataset/Test-3.txt,101321958590,A1,0,0.000001000
dataset/Test-3.txt,101321958590,A2,0,0.000000000
dataset/Test-3.txt,101321958590,A3,0,0.000000000
dataset/Test-3.txt,101321958590,A4,0,0.000000000
dataset/Test-3.txt,100292210268,A1,0,0.000000000
dataset/Test-3.txt,100292210268,A2,0,0.000001000
dataset/Test-3.txt,100292210268,A3,0,0.000000000
dataset/Test-3.txt,100292210268,A4,0,0.000000000
dataset/Test-3.txt,102030357234,A1,0,0.000000000
dataset/Test-3.txt,102030357234,A2,0,0.000000000
dataset/Test-3.txt,102030357234,A3,0,0.000001000
dataset/Test-3.txt,102030357234,A4,0,0.000000000
dataset/Test-3.txt,100698881008,A1,0,0.000001000
dataset/Test-3.txt,100698881008,A2,0,0.000000000
dataset/Test-3.txt,100698881008,A3,0,0.000000000
dataset/Test-3.txt,100698881008,A4,0,0.000000000
dataset/Test-3.txt,101505036013,A1,0,0.000001000
dataset/Test-3.txt,101505036013,A2,0,0.000000000
dataset/Test-3.txt,101505036013,A3,0,0.000000000
dataset/Test-3.txt,101505036013,A4,0,0.000001000
dataset/Test-3.txt,102077876125,A1,0,0.000000000
dataset/Test-3.txt,102077876125,A2,0,0.000001000
dataset/Test-3.txt,102077876125,A3,0,0.000000000
dataset/Test-3.txt,102077876125,A4,0,0.000000000
dataset/Test-3.txt,100484965361,A1,0,0.000000000
dataset/Test-3.txt,100484965361,A2,0,0.000000000
dataset/Test-3.txt,100484965361,A3,0,0.000000000
dataset/Test-3.txt,100484965361,A4,0,0.000000000
dataset/Test-3.txt,101112381962,A1,0,0.000000000
dataset/Test-3.txt,101112381962,A2,0,0.000000000
dataset/Test-3.txt,101112381962,A3,0,0.000000000
dataset/Test-3.txt,101112381962,A4,0,0.000000000
dataset/Test-3.txt,101958488199,A1,0,0.000001000
dataset/Test-3.txt,101958488199,A2,0,0.000000000
dataset/Test-3.txt,101958488199,A3,0,0.000000000
dataset/Test-3.txt,101958488199,A4,0,0.000000000
dataset/Test-3.txt,101829303024,A1,0,0.000000000
dataset/Test-3.txt,101829303024,A2,0,0.000000000
dataset/Test-3.txt,101829303024,A3,0,0.000001000
dataset/Test-3.txt,101829303024,A4,0,0.000000000
dataset/Test-3.txt,101720033916,A1,0,0.000000000
dataset/Test-3.txt,101720033916,A2,0,0.000000000
dataset/Test-3.txt,101720033916,A3,0,0.000000000
dataset/Test-3.txt,101720033916,A4,0,0.000000000
dataset/Test-3.txt,101332653945,A1,0,0.000000000
dataset/Test-3.txt,101332653945,A2,0,0.000000000
dataset/Test-3.txt,101332653945,A3,0,0.000000000
dataset/Test-3.txt,101332653945,A4,0,0.000000000
dataset/Test-3.txt,101807899052,A1,0,0.000000000
dataset/Test-3.txt,101807899052,A2,0,0.000000000
dataset/Test-3.txt,101807899052,A3,0,0.000000000
dataset/Test-3.txt,101807899052,A4,0,0.000000000
dataset/Test-3.txt,100613245561,A1,0,0.000000000
dataset/Test-3.txt,100613245561,A2,0,0.000000000
dataset/Test-3.txt,100613245561,A3,0,0.000002000
dataset/Test-3.txt,100613245561,A4,0,0.000000000
dataset/Test-3.txt,101044121774,A1,0,0.000000000
dataset/Test-3.txt,101044121774,A2,0,0.000000000
dataset/Test-3.txt,101044121774,A3,0,0.000000000
dataset/Test-3.txt,101044121774,A4,0,0.000000000
dataset/Test-3.txt,101465775981,A1,0,0.000001000
dataset/Test-3.txt,101465775981,A2,0,0.000000000
dataset/Test-3.txt,101465775981,A3,0,0.000000000
dataset/Test-3.txt,101465775981,A4,0,0.000000000
dataset/Test-3.txt,101511997930,A1,0,0.000000000
dataset/Test-3.txt,101511997930,A2,0,0.000000000
dataset/Test-3.txt,101511997930,A3,0,0.000001000
dataset/Test-3.txt,101511997930,A4,0,0.000000000
dataset/Test-3.txt,100975214559,A1,0,0.000000000
dataset/Test-3.txt,100975214559,A2,0,0.000000000
dataset/Test-3.txt,100975214559,A3,0,0.000000000
dataset/Test-3.txt,100975214559,A4,0,0.000000000
dataset/Test-3.txt,100835899209,A1,0,0.000000000
dataset/Test-3.txt,100835899209,A2,0,0.000001000
dataset/Test-3.txt,100835899209,A3,0,0.000000000
dataset/Test-3.txt,100835899209,A4,0,0.000000000
dataset/Test-3.txt,100119986989,A1,0,0.000000000
dataset/Test-3.txt,100119986989,A2,0,0.000000000
dataset/Test-3.txt,100119986989,A3,0,0.000000000
dataset/Test-3.txt,100119986989,A4,0,0.000001000
dataset/Test-3.txt,100134179590,A1,0,0.000000000
dataset/Test-3.txt,100134179590,A2,0,0.000000000
dataset/Test-3.txt,100134179590,A3,0,0.000000000
dataset/Test-3.txt,100134179590,A4,0,0.000000000
dataset/Test-3.txt,100298539780,A1,0,0.000001000
dataset/Test-3.txt,100298539780,A2,0,0.000000000
dataset/Test-3.txt,100298539780,A3,0,0.000000000
dataset/Test-3.txt,100298539780,A4,0,0.000000000
dataset/Test-3.txt,101036283068,A1,0,0.000000000
dataset/Test-3.txt,101036283068,A2,0,0.000000000
dataset/Test-3.txt,101036283068,A3,0,0.000001000
dataset/Test-3.txt,101036283068,A4,0,0.000000000
dataset/Test-3.txt,100717146706,A1,0,0.000000000
dataset/Test-3.txt,100717146706,A2,0,0.000000000
dataset/Test-3.txt,100717146706,A3,0,0.000000000
dataset/Test-3.txt,100717146706,A4,0,0.000000000
dataset/Test-3.txt,101406460778,A1,0,0.000001000
dataset/Test-3.txt,101406460778,A2,0,0.000000000
dataset/Test-3.txt,101406460778,A3,0,0.000000000
dataset/Test-3.txt,101406460778,A4,0,0.000000000
dataset/Test-3.txt,101033793317,A1,0,0.000000000
dataset/Test-3.txt,101033793317,A2,0,0.000001000
dataset/Test-3.txt,101033793317,A3,0,0.000001000
dataset/Test-3.txt,101033793317,A4,0,0.000001000
dataset/Test-3.txt,101821574589,A1,0,0.000000000
dataset/Test-3.txt,101821574589,A2,0,0.000000000
dataset/Test-3.txt,101821574589,A3,0,0.000001000
dataset/Test-3.txt,101821574589,A4,0,0.000000000
dataset/Test-3.txt,100677245691,A1,0,0.000000000
dataset/Test-3.txt,100677245691,A2,0,0.000001000
dataset/Test-3.txt,100677245691,A3,0,0.000000000
dataset/Test-3.txt,100677245691,A4,0,0.000000000
dataset/Test-3.txt,100804999537,A1,0,0.000001000
dataset/Test-3.txt,100804999537,A2,0,0.000000000
dataset/Test-3.txt,100804999537,A3,0,0.000000000
dataset/Test-3.txt,100804999537,A4,0,0.000000000
